generations,population,crossover,mutation,elitism,bits,maximize,avg_fitness,std_dev,avg_generations
10,10,0.6,0.01,0.55,10,True,-22.05771225983804,0.09796200665978633,10
10,10,0.6,0.01,0.55,20,True,-22.16657107060102,0.040407793648894984,10
10,10,0.6,0.01,0.55,35,True,-22.034520837983194,0.1358949007139942,10
10,10,0.6,0.01,0.65,10,True,-22.103326559687954,0.10115795050346316,10
10,10,0.6,0.01,0.65,20,True,-21.953674345057838,0.21436238769723015,10
10,10,0.6,0.01,0.65,35,True,-21.964442997756453,0.27723378064152626,10
10,10,0.6,0.01,0.75,10,True,-22.01448336706374,0.16454422028013452,10
10,10,0.6,0.01,0.75,20,True,-22.076280084745818,0.08930837513210121,10
10,10,0.6,0.01,0.75,35,True,-22.055397003801552,0.09793966446380521,10
10,10,0.6,0.03,0.55,10,True,-22.05573126046674,0.19210731634853176,10
10,10,0.6,0.03,0.55,20,True,-22.050593444005052,0.19960413295033963,10
10,10,0.6,0.03,0.55,35,True,-22.05117772661505,0.14100835121039013,10
10,10,0.6,0.03,0.65,10,True,-22.017708548386487,0.2234628313729713,10
10,10,0.6,0.03,0.65,20,True,-22.14133654417151,0.08088844094115029,10
10,10,0.6,0.03,0.65,35,True,-22.05618859655601,0.19920329295761607,10
10,10,0.6,0.03,0.75,10,True,-22.071645118769904,0.08519339369575248,10
10,10,0.6,0.03,0.75,20,True,-22.04413677068116,0.15320213084334963,10
10,10,0.6,0.03,0.75,35,True,-22.02780517728934,0.10900670782015413,10
10,10,0.6,0.05,0.55,10,True,-22.147459345049704,0.061123307754252364,10
10,10,0.6,0.05,0.55,20,True,-22.10734167609273,0.07615369949869688,10
10,10,0.6,0.05,0.55,35,True,-22.134193882497055,0.1472728227467068,10
10,10,0.6,0.05,0.65,10,True,-22.08532635698151,0.09261864544223466,10
10,10,0.6,0.05,0.65,20,True,-22.07115433332213,0.12947214765633525,10
10,10,0.6,0.05,0.65,35,True,-22.05667454877017,0.223340442901773,10
10,10,0.6,0.05,0.75,10,True,-22.074218059850892,0.17271312517777887,10
10,10,0.6,0.05,0.75,20,True,-22.084198238860345,0.17302137778142665,10
10,10,0.6,0.05,0.75,35,True,-22.094942705338273,0.09677306947356029,10
10,10,0.7,0.01,0.55,10,True,-22.00010248974168,0.16753069575462023,10
10,10,0.7,0.01,0.55,20,True,-22.001311509121617,0.12180586275387624,10
10,10,0.7,0.01,0.55,35,True,-21.99510563051359,0.10885169473714638,10
10,10,0.7,0.01,0.65,10,True,-22.066380617012697,0.140394452615988,10
10,10,0.7,0.01,0.65,20,True,-22.085510847772643,0.1467758100293081,10
10,10,0.7,0.01,0.65,35,True,-22.02286064160601,0.16794450464917157,10
10,10,0.7,0.01,0.75,10,True,-22.04310243636075,0.11650153590408086,10
10,10,0.7,0.01,0.75,20,True,-21.996676189969286,0.22314127141504075,10
10,10,0.7,0.01,0.75,35,True,-22.1437355880253,0.05661603248915433,10
10,10,0.7,0.03,0.55,10,True,-22.009664261063826,0.0893070292163621,10
10,10,0.7,0.03,0.55,20,True,-22.054755964632076,0.050234130550653136,10
10,10,0.7,0.03,0.55,35,True,-22.053908561339906,0.15415572939986882,10
10,10,0.7,0.03,0.65,10,True,-22.08761089489714,0.11703004210721274,10
10,10,0.7,0.03,0.65,20,True,-21.977697363518427,0.32474512582681914,10
10,10,0.7,0.03,0.65,35,True,-22.027838051592816,0.10496327956913111,10
10,10,0.7,0.03,0.75,10,True,-22.050485603357362,0.1577516689592827,10
10,10,0.7,0.03,0.75,20,True,-21.972061512015006,0.30804497658496444,10
10,10,0.7,0.03,0.75,35,True,-22.045848248490497,0.11616650314243314,10
10,10,0.7,0.05,0.55,10,True,-21.91174605469062,0.24440239837163355,10
10,10,0.7,0.05,0.55,20,True,-22.03096962825083,0.14226466446812733,10
10,10,0.7,0.05,0.55,35,True,-22.081873465526236,0.15060374636037943,10
10,10,0.7,0.05,0.65,10,True,-22.069069015461036,0.09920507347857867,10
10,10,0.7,0.05,0.65,20,True,-21.95917420069722,0.3286418558491546,10
10,10,0.7,0.05,0.65,35,True,-22.081366423460562,0.17332566003407812,10
10,10,0.7,0.05,0.75,10,True,-21.991522941616456,0.15520514783483055,10
10,10,0.7,0.05,0.75,20,True,-22.06835688150107,0.039839534008349865,10
10,10,0.7,0.05,0.75,35,True,-21.995315293357393,0.23106962886431287,10
10,10,0.8,0.01,0.55,10,True,-22.00609480712583,0.13500299700032586,10
10,10,0.8,0.01,0.55,20,True,-21.912675598882824,0.14542914526338693,10
10,10,0.8,0.01,0.55,35,True,-22.004969551872072,0.21713992636800603,10
10,10,0.8,0.01,0.65,10,True,-22.05231250001953,0.057537837217826036,10
10,10,0.8,0.01,0.65,20,True,-22.014521726701442,0.13543830116785163,10
10,10,0.8,0.01,0.65,35,True,-21.81269416098697,0.2996758384156997,10
10,10,0.8,0.01,0.75,10,True,-22.108527023657338,0.06462106498711345,10
10,10,0.8,0.01,0.75,20,True,-22.138807241512506,0.18073419849021127,10
10,10,0.8,0.01,0.75,35,True,-22.139209268910047,0.09875124642113695,10
10,10,0.8,0.03,0.55,10,True,-22.052469019117687,0.10902720636535473,10
10,10,0.8,0.03,0.55,20,True,-22.08094803828585,0.18909489751210995,10
10,10,0.8,0.03,0.55,35,True,-22.06439257021086,0.17752574204514057,10
10,10,0.8,0.03,0.65,10,True,-21.926706523019924,0.1925477587798947,10
10,10,0.8,0.03,0.65,20,True,-21.967412238702284,0.20038535036994742,10
10,10,0.8,0.03,0.65,35,True,-22.075940414985194,0.1226597681853521,10
10,10,0.8,0.03,0.75,10,True,-22.17429130355569,0.06378349950172649,10
10,10,0.8,0.03,0.75,20,True,-22.083687119236053,0.05596995248708682,10
10,10,0.8,0.03,0.75,35,True,-22.028388206653812,0.0995826805146562,10
10,10,0.8,0.05,0.55,10,True,-22.0956477937141,0.1137082359140289,10
10,10,0.8,0.05,0.55,20,True,-22.07338099892873,0.054616133169063004,10
10,10,0.8,0.05,0.55,35,True,-22.089390301772315,0.16903980315556244,10
10,10,0.8,0.05,0.65,10,True,-21.88058886469737,0.14239375774920882,10
10,10,0.8,0.05,0.65,20,True,-22.18602413464313,0.0904229867684512,10
10,10,0.8,0.05,0.65,35,True,-22.130055857037426,0.08122937395669483,10
10,10,0.8,0.05,0.75,10,True,-22.006286587118826,0.1273989308368277,10
10,10,0.8,0.05,0.75,20,True,-22.07176975272795,0.17754218131462138,10
10,10,0.8,0.05,0.75,35,True,-22.052937816721485,0.14764242310732523,10
10,50,0.6,0.01,0.55,10,True,-22.180521145013092,0.10117267712309042,10
10,50,0.6,0.01,0.55,20,True,-22.158694487901837,0.03937362558240119,10
10,50,0.6,0.01,0.55,35,True,-22.094420681816597,0.09926995334598647,10
10,50,0.6,0.01,0.65,10,True,-22.160443497331645,0.06237234743005739,10
10,50,0.6,0.01,0.65,20,True,-22.177325135389854,0.05180151752626201,10
10,50,0.6,0.01,0.65,35,True,-22.176105403942852,0.06938157688417095,10
10,50,0.6,0.01,0.75,10,True,-22.14972209978698,0.0692235364980665,10
10,50,0.6,0.01,0.75,20,True,-22.17254451648173,0.04769352072910184,10
10,50,0.6,0.01,0.75,35,True,-22.239173712171635,0.04275164074602563,10
10,50,0.6,0.03,0.55,10,True,-22.13951497873932,0.07227489886397943,10
10,50,0.6,0.03,0.55,20,True,-22.23048879931787,0.055708773767943955,10
10,50,0.6,0.03,0.55,35,True,-22.196526104542304,0.08715445926825144,10
10,50,0.6,0.03,0.65,10,True,-22.232665289226034,0.0436493197931378,10
10,50,0.6,0.03,0.65,20,True,-22.17061087128547,0.02317018132254995,10
10,50,0.6,0.03,0.65,35,True,-22.235714770371548,0.05242646018458102,10
10,50,0.6,0.03,0.75,10,True,-22.197095769279294,0.10392884548323857,10
10,50,0.6,0.03,0.75,20,True,-22.20223857856164,0.06268943430634556,10
10,50,0.6,0.03,0.75,35,True,-22.21457821957504,0.049156108259770875,10
10,50,0.6,0.05,0.55,10,True,-22.201411151906868,0.07748131871420044,10
10,50,0.6,0.05,0.55,20,True,-22.219807052386955,0.04895205756506282,10
10,50,0.6,0.05,0.55,35,True,-22.207271329197635,0.02902034922620516,10
10,50,0.6,0.05,0.65,10,True,-22.245417542567523,0.04323860471389364,10
10,50,0.6,0.05,0.65,20,True,-22.1805057623682,0.025683942055832833,10
10,50,0.6,0.05,0.65,35,True,-22.2282707446542,0.05173571794785908,10
10,50,0.6,0.05,0.75,10,True,-22.213590126074514,0.06213334284414373,10
10,50,0.6,0.05,0.75,20,True,-22.283015143693493,0.021287515261684955,10
10,50,0.6,0.05,0.75,35,True,-22.197341308440986,0.06187199802894168,10
10,50,0.7,0.01,0.55,10,True,-22.178434755086272,0.05142144335400337,10
10,50,0.7,0.01,0.55,20,True,-22.181964298534382,0.11756372118763186,10
10,50,0.7,0.01,0.55,35,True,-22.209198908643625,0.07378228948994452,10
10,50,0.7,0.01,0.65,10,True,-22.165437575331364,0.12059690051298622,10
10,50,0.7,0.01,0.65,20,True,-22.216061419817784,0.04522870940184168,10
10,50,0.7,0.01,0.65,35,True,-22.211657415136777,0.03409798161407569,10
10,50,0.7,0.01,0.75,10,True,-22.227749104530062,0.04182557993569205,10
10,50,0.7,0.01,0.75,20,True,-22.146893043645893,0.10811902714598334,10
10,50,0.7,0.01,0.75,35,True,-22.15730385291969,0.04903401433575313,10
10,50,0.7,0.03,0.55,10,True,-22.214116678979433,0.050529769075229554,10
10,50,0.7,0.03,0.55,20,True,-22.179201976983567,0.05109613887394144,10
10,50,0.7,0.03,0.55,35,True,-22.15828524465223,0.0388282232240924,10
10,50,0.7,0.03,0.65,10,True,-22.20793860577096,0.08701738093200784,10
10,50,0.7,0.03,0.65,20,True,-22.234449193679225,0.05111715437575725,10
10,50,0.7,0.03,0.65,35,True,-22.215509780918893,0.08549271442609617,10
10,50,0.7,0.03,0.75,10,True,-22.14325478925977,0.11053328408385547,10
10,50,0.7,0.03,0.75,20,True,-22.233459758577347,0.029420342539798926,10
10,50,0.7,0.03,0.75,35,True,-22.221757059228207,0.06169826745946932,10
10,50,0.7,0.05,0.55,10,True,-22.253679494440696,0.03771360507727304,10
10,50,0.7,0.05,0.55,20,True,-22.230141910253288,0.051227070277193205,10
10,50,0.7,0.05,0.55,35,True,-22.226356022087256,0.040515562197537616,10
10,50,0.7,0.05,0.65,10,True,-22.261864032669514,0.024320489151068513,10
10,50,0.7,0.05,0.65,20,True,-22.24681549259118,0.05453953304274258,10
10,50,0.7,0.05,0.65,35,True,-22.212947917661094,0.05246555382960746,10
10,50,0.7,0.05,0.75,10,True,-22.188954942378846,0.07756717035661208,10
10,50,0.7,0.05,0.75,20,True,-22.22000519086994,0.05505284970452431,10
10,50,0.7,0.05,0.75,35,True,-22.216101424412937,0.06353383075352795,10
10,50,0.8,0.01,0.55,10,True,-22.1856097630685,0.05992997557264773,10
10,50,0.8,0.01,0.55,20,True,-22.21494548212664,0.10451250271126653,10
10,50,0.8,0.01,0.55,35,True,-22.15551346032788,0.055165111537176625,10
10,50,0.8,0.01,0.65,10,True,-22.222626671219754,0.03381237383527189,10
10,50,0.8,0.01,0.65,20,True,-22.17000730166019,0.07274269180712509,10
10,50,0.8,0.01,0.65,35,True,-22.205448720202103,0.06280836607691904,10
10,50,0.8,0.01,0.75,10,True,-22.215750567270288,0.020222756092455645,10
10,50,0.8,0.01,0.75,20,True,-22.19628108616628,0.048358757171926586,10
10,50,0.8,0.01,0.75,35,True,-22.170522631736738,0.07932488391021206,10
10,50,0.8,0.03,0.55,10,True,-22.220447754929733,0.09078324711304031,10
10,50,0.8,0.03,0.55,20,True,-22.198619371544584,0.041258024340298204,10
10,50,0.8,0.03,0.55,35,True,-22.213971073380034,0.0413317190710138,10
10,50,0.8,0.03,0.65,10,True,-22.24402217227804,0.04361988757801324,10
10,50,0.8,0.03,0.65,20,True,-22.23490418123316,0.03388519803202943,10
10,50,0.8,0.03,0.65,35,True,-22.167643490666563,0.1100930725497426,10
10,50,0.8,0.03,0.75,10,True,-22.18264713939981,0.09129850158578277,10
10,50,0.8,0.03,0.75,20,True,-22.19048425395081,0.06324394340498554,10
10,50,0.8,0.03,0.75,35,True,-22.15282025661499,0.011318906883218549,10
10,50,0.8,0.05,0.55,10,True,-22.234420577253346,0.06844796063446265,10
10,50,0.8,0.05,0.55,20,True,-22.19454869360919,0.06929700985179359,10
10,50,0.8,0.05,0.55,35,True,-22.209356256062,0.07845440834017856,10
10,50,0.8,0.05,0.65,10,True,-22.15402543986892,0.057472644458014165,10
10,50,0.8,0.05,0.65,20,True,-22.263500231112463,0.01800541552186572,10
10,50,0.8,0.05,0.65,35,True,-22.20405747799858,0.06404340855544183,10
10,50,0.8,0.05,0.75,10,True,-22.238426493635984,0.05636298553040688,10
10,50,0.8,0.05,0.75,20,True,-22.260121254147847,0.05523875107112809,10
10,50,0.8,0.05,0.75,35,True,-22.17132535834474,0.10731412568374486,10
10,100,0.6,0.01,0.55,10,True,-22.21520603578628,0.06331622688376842,10
10,100,0.6,0.01,0.55,20,True,-22.22302838761745,0.08524172961520031,10
10,100,0.6,0.01,0.55,35,True,-22.22011674246712,0.029993637927948135,10
10,100,0.6,0.01,0.65,10,True,-22.245079761110304,0.02017912625692023,10
10,100,0.6,0.01,0.65,20,True,-22.277199251925552,0.028649373557591732,10
10,100,0.6,0.01,0.65,35,True,-22.234071325470612,0.04771833612142175,10
10,100,0.6,0.01,0.75,10,True,-22.236597166673917,0.043746513970878226,10
10,100,0.6,0.01,0.75,20,True,-22.207515616220796,0.04440489765935325,10
10,100,0.6,0.01,0.75,35,True,-22.223548710946837,0.0801719055273928,10
10,100,0.6,0.03,0.55,10,True,-22.220810832391784,0.03685939832705226,10
10,100,0.6,0.03,0.55,20,True,-22.23513667072357,0.031109914295424673,10
10,100,0.6,0.03,0.55,35,True,-22.21402273123244,0.035686623527360434,10
10,100,0.6,0.03,0.65,10,True,-22.210515084702134,0.06258831609742961,10
10,100,0.6,0.03,0.65,20,True,-22.2645994632199,0.03627306129003185,10
10,100,0.6,0.03,0.65,35,True,-22.240998256069616,0.030994884151620574,10
10,100,0.6,0.03,0.75,10,True,-22.243827743685326,0.042268810726920576,10
10,100,0.6,0.03,0.75,20,True,-22.250755719655505,0.0316364355378873,10
10,100,0.6,0.03,0.75,35,True,-22.24458761366648,0.0348842671347848,10
10,100,0.6,0.05,0.55,10,True,-22.223929033659108,0.04973012934547338,10
10,100,0.6,0.05,0.55,20,True,-22.239360743204813,0.04067781417479422,10
10,100,0.6,0.05,0.55,35,True,-22.245956316815995,0.058709516912487235,10
10,100,0.6,0.05,0.65,10,True,-22.219665494743364,0.03233777311932646,10
10,100,0.6,0.05,0.65,20,True,-22.256265831335824,0.02247305186391293,10
10,100,0.6,0.05,0.65,35,True,-22.23868041621959,0.04754539906078482,10
10,100,0.6,0.05,0.75,10,True,-22.265624887539616,0.048985383248401806,10
10,100,0.6,0.05,0.75,20,True,-22.217934314272668,0.05910925624560175,10
10,100,0.6,0.05,0.75,35,True,-22.199018201296354,0.06668109150742856,10
10,100,0.7,0.01,0.55,10,True,-22.236460583590453,0.06248833716016634,10
10,100,0.7,0.01,0.55,20,True,-22.245699252542675,0.04417877425225374,10
10,100,0.7,0.01,0.55,35,True,-22.214995064855568,0.055736343854889396,10
10,100,0.7,0.01,0.65,10,True,-22.209988442533675,0.07047087529803826,10
10,100,0.7,0.01,0.65,20,True,-22.229436807735453,0.026375664391375914,10
10,100,0.7,0.01,0.65,35,True,-22.218989044399198,0.022409956770814247,10
10,100,0.7,0.01,0.75,10,True,-22.256856302974402,0.0485431926547346,10
10,100,0.7,0.01,0.75,20,True,-22.225393857756117,0.06519357625377856,10
10,100,0.7,0.01,0.75,35,True,-22.2318743397531,0.04998948684404383,10
10,100,0.7,0.03,0.55,10,True,-22.207167842317705,0.05851968808736683,10
10,100,0.7,0.03,0.55,20,True,-22.230238731841663,0.054611098624439414,10
10,100,0.7,0.03,0.55,35,True,-22.273467948340524,0.014715780381094782,10
10,100,0.7,0.03,0.65,10,True,-22.1871270334044,0.07342095435892046,10
10,100,0.7,0.03,0.65,20,True,-22.20212750742629,0.07978660012860393,10
10,100,0.7,0.03,0.65,35,True,-22.181401636014172,0.056666283146032996,10
10,100,0.7,0.03,0.75,10,True,-22.280647946739162,0.0341976647008817,10
10,100,0.7,0.03,0.75,20,True,-22.218915459873635,0.047744653229564706,10
10,100,0.7,0.03,0.75,35,True,-22.246339461485743,0.059150068094528545,10
10,100,0.7,0.05,0.55,10,True,-22.227692889688658,0.047023610882585304,10
10,100,0.7,0.05,0.55,20,True,-22.27020628646519,0.02879596126765772,10
10,100,0.7,0.05,0.55,35,True,-22.22859439527166,0.05771370523410712,10
10,100,0.7,0.05,0.65,10,True,-22.270393655190677,0.024345275323481994,10
10,100,0.7,0.05,0.65,20,True,-22.253177865484187,0.02860371545362271,10
10,100,0.7,0.05,0.65,35,True,-22.231264012860464,0.03152997653482072,10
10,100,0.7,0.05,0.75,10,True,-22.2939908957968,0.022926974851916148,10
10,100,0.7,0.05,0.75,20,True,-22.24133093155885,0.030324452716882985,10
10,100,0.7,0.05,0.75,35,True,-22.25019278053984,0.04063970616424568,10
10,100,0.8,0.01,0.55,10,True,-22.226490399692825,0.057666928251064155,10
10,100,0.8,0.01,0.55,20,True,-22.251403368729264,0.03840423925341296,10
10,100,0.8,0.01,0.55,35,True,-22.2611089291272,0.038009097997814524,10
10,100,0.8,0.01,0.65,10,True,-22.24068999800948,0.05345564934385204,10
10,100,0.8,0.01,0.65,20,True,-22.220047650032992,0.009158601753572998,10
10,100,0.8,0.01,0.65,35,True,-22.232460924975715,0.045032346484204414,10
10,100,0.8,0.01,0.75,10,True,-22.251120238113597,0.02688170462220937,10
10,100,0.8,0.01,0.75,20,True,-22.192857006631293,0.044543452821582286,10
10,100,0.8,0.01,0.75,35,True,-22.178140254666427,0.04576565025734821,10
10,100,0.8,0.03,0.55,10,True,-22.209762766179562,0.030282337379985615,10
10,100,0.8,0.03,0.55,20,True,-22.219592657908052,0.048453927615638756,10
10,100,0.8,0.03,0.55,35,True,-22.256518548813577,0.02811896726257691,10
10,100,0.8,0.03,0.65,10,True,-22.273907174050528,0.015777434070986817,10
10,100,0.8,0.03,0.65,20,True,-22.240411202652247,0.026810521933678704,10
10,100,0.8,0.03,0.65,35,True,-22.229632560983102,0.02262897185465996,10
10,100,0.8,0.03,0.75,10,True,-22.244454818213182,0.023225048618544724,10
10,100,0.8,0.03,0.75,20,True,-22.217338370326075,0.05219173568040942,10
10,100,0.8,0.03,0.75,35,True,-22.216761115254073,0.05297722638576793,10
10,100,0.8,0.05,0.55,10,True,-22.239136440962465,0.040388485529655266,10
10,100,0.8,0.05,0.55,20,True,-22.19483928560115,0.041028245178658336,10
10,100,0.8,0.05,0.55,35,True,-22.240466239880856,0.025260527311937987,10
10,100,0.8,0.05,0.65,10,True,-22.248420590618462,0.03511482281082775,10
10,100,0.8,0.05,0.65,20,True,-22.252470252111674,0.015403325665127024,10
10,100,0.8,0.05,0.65,35,True,-22.266053225742212,0.047998522879363875,10
10,100,0.8,0.05,0.75,10,True,-22.23683433780403,0.032651468345804555,10
10,100,0.8,0.05,0.75,20,True,-22.25884836476941,0.06721857136886898,10
10,100,0.8,0.05,0.75,35,True,-22.23465471762373,0.04047448870491227,10
30,10,0.6,0.01,0.55,10,True,-21.99039087701878,0.22446096013552475,30
30,10,0.6,0.01,0.55,20,True,-21.98980673957118,0.24330659842600735,30
30,10,0.6,0.01,0.55,35,True,-22.02660510807516,0.13384815079666967,30
30,10,0.6,0.01,0.65,10,True,-22.034614943029887,0.22595759129367873,30
30,10,0.6,0.01,0.65,20,True,-22.124773501974754,0.13852760957712518,30
30,10,0.6,0.01,0.65,35,True,-22.144629160833336,0.08354190271327713,30
30,10,0.6,0.01,0.75,10,True,-22.0758319195386,0.11715177689482655,30
30,10,0.6,0.01,0.75,20,True,-21.973684444850655,0.19831175465057047,30
30,10,0.6,0.01,0.75,35,True,-22.10198372869869,0.12927855211089298,30
30,10,0.6,0.03,0.55,10,True,-22.062748850664942,0.13236737918502356,30
30,10,0.6,0.03,0.55,20,True,-22.08013598879223,0.13287131756021447,30
30,10,0.6,0.03,0.55,35,True,-22.098450881445807,0.1102246594121494,30
30,10,0.6,0.03,0.65,10,True,-22.23039989677245,0.08769133463033546,30
30,10,0.6,0.03,0.65,20,True,-21.94846311229203,0.39193389920533767,30
30,10,0.6,0.03,0.65,35,True,-22.113601859065195,0.17122351997392468,30
30,10,0.6,0.03,0.75,10,True,-22.106061648567103,0.1277798639797159,30
30,10,0.6,0.03,0.75,20,True,-22.09687290573348,0.11732042929593116,30
30,10,0.6,0.03,0.75,35,True,-22.08345690107014,0.056045845304278155,30
30,10,0.6,0.05,0.55,10,True,-22.13055913086858,0.06283954959916974,30
30,10,0.6,0.05,0.55,20,True,-22.0831016029142,0.11891059964973605,30
30,10,0.6,0.05,0.55,35,True,-22.202714737184483,0.10852206304513191,30
30,10,0.6,0.05,0.65,10,True,-22.082842558725613,0.11974842582948196,30
30,10,0.6,0.05,0.65,20,True,-22.186422708134266,0.07223055820770696,30
30,10,0.6,0.05,0.65,35,True,-22.148824114654357,0.09426885793988721,30
30,10,0.6,0.05,0.75,10,True,-22.160235958029986,0.051441287130061186,30
30,10,0.6,0.05,0.75,20,True,-22.12833688064804,0.08589816588682392,30
30,10,0.6,0.05,0.75,35,True,-22.080460298802194,0.19343624453966551,30
30,10,0.7,0.01,0.55,10,True,-22.007545569290784,0.1716495281064552,30
30,10,0.7,0.01,0.55,20,True,-22.05891880460027,0.14840857918543326,30
30,10,0.7,0.01,0.55,35,True,-22.012055052678786,0.1624657730491099,30
30,10,0.7,0.01,0.65,10,True,-21.982989599168928,0.10596612454844717,30
30,10,0.7,0.01,0.65,20,True,-22.041862326593048,0.18079215910102175,30
30,10,0.7,0.01,0.65,35,True,-22.03503439387811,0.08349489660070424,30
30,10,0.7,0.01,0.75,10,True,-22.115617242714887,0.07756510310633202,30
30,10,0.7,0.01,0.75,20,True,-22.045630681273888,0.10435445061242654,30
30,10,0.7,0.01,0.75,35,True,-21.997481440796143,0.22881569065846263,30
30,10,0.7,0.03,0.55,10,True,-22.080798550806158,0.18703067586759412,30
30,10,0.7,0.03,0.55,20,True,-22.14553651852938,0.10163123749785077,30
30,10,0.7,0.03,0.55,35,True,-22.155262718486945,0.10352377549709678,30
30,10,0.7,0.03,0.65,10,True,-22.046955298808065,0.10955027342912789,30
30,10,0.7,0.03,0.65,20,True,-22.056501653696294,0.16904447169925385,30
30,10,0.7,0.03,0.65,35,True,-22.183465126851623,0.06434836532414644,30
30,10,0.7,0.03,0.75,10,True,-22.097559232377055,0.1077099729377215,30
30,10,0.7,0.03,0.75,20,True,-22.091644197887774,0.16572915134498137,30
30,10,0.7,0.03,0.75,35,True,-22.163043192854687,0.07184459739709315,30
30,10,0.7,0.05,0.55,10,True,-22.135397965860612,0.11216658997807537,30
30,10,0.7,0.05,0.55,20,True,-22.15627431488984,0.13293123812234092,30
30,10,0.7,0.05,0.55,35,True,-22.130073372852905,0.08787870463836568,30
30,10,0.7,0.05,0.65,10,True,-22.13435153855229,0.09233240963234561,30
30,10,0.7,0.05,0.65,20,True,-22.112871314613,0.06812767398779354,30
30,10,0.7,0.05,0.65,35,True,-22.126961423606907,0.10164829273200313,30
30,10,0.7,0.05,0.75,10,True,-22.177275386952235,0.09318272280736643,30
30,10,0.7,0.05,0.75,20,True,-22.126337431650423,0.1667984029628102,30
30,10,0.7,0.05,0.75,35,True,-22.11200392323817,0.11371845482396561,30
30,10,0.8,0.01,0.55,10,True,-21.87859611652233,0.23124994180256664,30
30,10,0.8,0.01,0.55,20,True,-22.065553921141237,0.17497865683922087,30
30,10,0.8,0.01,0.55,35,True,-22.075141562894466,0.09686780136062588,30
30,10,0.8,0.01,0.65,10,True,-21.995989320769166,0.2254534061642848,30
30,10,0.8,0.01,0.65,20,True,-22.04388098842335,0.26987652992626077,30
30,10,0.8,0.01,0.65,35,True,-22.10559890170833,0.09898144595362386,30
30,10,0.8,0.01,0.75,10,True,-22.123522565239696,0.09648733212678112,30
30,10,0.8,0.01,0.75,20,True,-22.101309063057705,0.15878548492915862,30
30,10,0.8,0.01,0.75,35,True,-22.224066570768507,0.03825680604656223,30
30,10,0.8,0.03,0.55,10,True,-21.930889278817904,0.2471820830661555,30
30,10,0.8,0.03,0.55,20,True,-22.1256724002063,0.14831013836975146,30
30,10,0.8,0.03,0.55,35,True,-22.105419661553096,0.168963052150521,30
30,10,0.8,0.03,0.65,10,True,-21.978431421132406,0.24836840192517484,30
30,10,0.8,0.03,0.65,20,True,-22.179079685674925,0.058686401681248314,30
30,10,0.8,0.03,0.65,35,True,-22.21703581532406,0.058238884548931086,30
30,10,0.8,0.03,0.75,10,True,-22.179998899426973,0.06192847794542681,30
30,10,0.8,0.03,0.75,20,True,-22.143553847369528,0.04181412487492787,30
30,10,0.8,0.03,0.75,35,True,-22.077751355803112,0.10822362269407093,30
30,10,0.8,0.05,0.55,10,True,-22.09911927296986,0.16480691205029574,30
30,10,0.8,0.05,0.55,20,True,-22.093817705241293,0.1250519310333002,30
30,10,0.8,0.05,0.55,35,True,-22.108237473607414,0.12059501987665272,30
30,10,0.8,0.05,0.65,10,True,-22.242325076670873,0.061252726204327354,30
30,10,0.8,0.05,0.65,20,True,-22.06768216702735,0.08249869026783979,30
30,10,0.8,0.05,0.65,35,True,-22.13910698807454,0.1347145955063514,30
30,10,0.8,0.05,0.75,10,True,-22.13242437450843,0.06538730815225748,30
30,10,0.8,0.05,0.75,20,True,-22.19185610576299,0.05136102802175703,30
30,10,0.8,0.05,0.75,35,True,-22.151121749301225,0.04072678074946407,30
30,50,0.6,0.01,0.55,10,True,-22.252910091659885,0.0510490429434267,30
30,50,0.6,0.01,0.55,20,True,-22.20440696943225,0.024452522194032586,30
30,50,0.6,0.01,0.55,35,True,-22.210831356118202,0.057204741762219076,30
30,50,0.6,0.01,0.65,10,True,-22.20186491804927,0.038613101900259086,30
30,50,0.6,0.01,0.65,20,True,-22.183865122377142,0.09776471514916349,30
30,50,0.6,0.01,0.65,35,True,-22.222001260663795,0.07261758625305885,30
30,50,0.6,0.01,0.75,10,True,-22.19115961386046,0.0737745557060699,30
30,50,0.6,0.01,0.75,20,True,-22.231460654483858,0.04012394853717628,30
30,50,0.6,0.01,0.75,35,True,-22.214036259343978,0.07365287180084261,30
30,50,0.6,0.03,0.55,10,True,-22.2402756715533,0.03885374835581745,30
30,50,0.6,0.03,0.55,20,True,-22.18145132775589,0.026477099575171387,30
30,50,0.6,0.03,0.55,35,True,-22.188910927697798,0.024891702000541662,30
30,50,0.6,0.03,0.65,10,True,-22.21609772637456,0.02944900100582167,30
30,50,0.6,0.03,0.65,20,True,-22.200288623206735,0.029912635466279636,30
30,50,0.6,0.03,0.65,35,True,-22.196441542380327,0.05678298977400549,30
30,50,0.6,0.03,0.75,10,True,-22.227550667380832,0.07952409031176622,30
30,50,0.6,0.03,0.75,20,True,-22.217539425937005,0.054893816121325004,30
30,50,0.6,0.03,0.75,35,True,-22.177718047388314,0.06016250552173606,30
30,50,0.6,0.05,0.55,10,True,-22.24729513884203,0.04264534551603997,30
30,50,0.6,0.05,0.55,20,True,-22.19935333698476,0.051243340835262316,30
30,50,0.6,0.05,0.55,35,True,-22.2134650228159,0.04066224109828958,30
30,50,0.6,0.05,0.65,10,True,-22.22289245357601,0.049704633710253736,30
30,50,0.6,0.05,0.65,20,True,-22.243130879330092,0.028188710773173427,30
30,50,0.6,0.05,0.65,35,True,-22.189310177844288,0.05402511639338639,30
30,50,0.6,0.05,0.75,10,True,-22.22695313427807,0.05135256880985522,30
30,50,0.6,0.05,0.75,20,True,-22.210145554957997,0.06779364995920595,30
30,50,0.6,0.05,0.75,35,True,-22.22327661545708,0.04455986160996855,30
30,50,0.7,0.01,0.55,10,True,-22.22800025291782,0.07611546832554524,30
30,50,0.7,0.01,0.55,20,True,-22.231763021114368,0.06433090838924092,30
30,50,0.7,0.01,0.55,35,True,-22.2263575571821,0.03415677106507224,30
30,50,0.7,0.01,0.65,10,True,-22.236817900358893,0.054702375939199376,30
30,50,0.7,0.01,0.65,20,True,-22.186539444408385,0.1000140694080533,30
30,50,0.7,0.01,0.65,35,True,-22.223823825427083,0.05374452776484777,30
30,50,0.7,0.01,0.75,10,True,-22.212307324152377,0.0674256796504917,30
30,50,0.7,0.01,0.75,20,True,-22.210442543939937,0.022916370310443152,30
30,50,0.7,0.01,0.75,35,True,-22.239106880443373,0.030738887496881622,30
30,50,0.7,0.03,0.55,10,True,-22.207350474115746,0.06515708186746817,30
30,50,0.7,0.03,0.55,20,True,-22.267303227260122,0.023366168102389576,30
30,50,0.7,0.03,0.55,35,True,-22.23078137679291,0.05540211710052467,30
30,50,0.7,0.03,0.65,10,True,-22.193521606808655,0.0950329048964704,30
30,50,0.7,0.03,0.65,20,True,-22.224887544879195,0.04923981250779897,30
30,50,0.7,0.03,0.65,35,True,-22.21888740869626,0.05030840068340797,30
30,50,0.7,0.03,0.75,10,True,-22.202486381132374,0.02609718846023547,30
30,50,0.7,0.03,0.75,20,True,-22.23035784306991,0.05000299109284669,30
30,50,0.7,0.03,0.75,35,True,-22.265179554948254,0.027961376359673308,30
30,50,0.7,0.05,0.55,10,True,-22.258352922410964,0.041172279522438605,30
30,50,0.7,0.05,0.55,20,True,-22.245501500693152,0.03645589190113191,30
30,50,0.7,0.05,0.55,35,True,-22.237654386861397,0.052177108388148166,30
30,50,0.7,0.05,0.65,10,True,-22.241817875964216,0.05080982279736727,30
30,50,0.7,0.05,0.65,20,True,-22.19033256866232,0.03413087943990733,30
30,50,0.7,0.05,0.65,35,True,-22.251325274533528,0.050098089396290214,30
30,50,0.7,0.05,0.75,10,True,-22.237967414280394,0.050231676887149614,30
30,50,0.7,0.05,0.75,20,True,-22.252441276367467,0.037006557656015696,30
30,50,0.7,0.05,0.75,35,True,-22.246464867179053,0.04187302638436131,30
30,50,0.8,0.01,0.55,10,True,-22.176605072881753,0.017204300455113338,30
30,50,0.8,0.01,0.55,20,True,-22.230587740177647,0.05392047638690019,30
30,50,0.8,0.01,0.55,35,True,-22.21513910529682,0.05788185806325336,30
30,50,0.8,0.01,0.65,10,True,-22.212222444943755,0.06849015385746214,30
30,50,0.8,0.01,0.65,20,True,-22.17864646620213,0.05337436293053758,30
30,50,0.8,0.01,0.65,35,True,-22.21596078562736,0.0657459389179104,30
30,50,0.8,0.01,0.75,10,True,-22.14534183157896,0.05407980981559022,30
30,50,0.8,0.01,0.75,20,True,-22.164643868176164,0.08504570447678282,30
30,50,0.8,0.01,0.75,35,True,-22.215447047624444,0.05214455496974981,30
30,50,0.8,0.03,0.55,10,True,-22.19061353022809,0.06915781568389959,30
30,50,0.8,0.03,0.55,20,True,-22.197078724344138,0.09466047105887701,30
30,50,0.8,0.03,0.55,35,True,-22.232574254886153,0.07055674853941302,30
30,50,0.8,0.03,0.65,10,True,-22.24003132504989,0.046227085383075385,30
30,50,0.8,0.03,0.65,20,True,-22.189864231402662,0.041182946228120604,30
30,50,0.8,0.03,0.65,35,True,-22.194044136835647,0.05632253840507133,30
30,50,0.8,0.03,0.75,10,True,-22.24917316215046,0.015354555311158999,30
30,50,0.8,0.03,0.75,20,True,-22.197517199481794,0.07427551856052529,30
30,50,0.8,0.03,0.75,35,True,-22.204068102977747,0.053206726754960576,30
30,50,0.8,0.05,0.55,10,True,-22.22531498953125,0.03973296775978215,30
30,50,0.8,0.05,0.55,20,True,-22.24638330371669,0.04205676745358581,30
30,50,0.8,0.05,0.55,35,True,-22.185141839133603,0.07378883909767112,30
30,50,0.8,0.05,0.65,10,True,-22.23966135013193,0.06983048558364821,30
30,50,0.8,0.05,0.65,20,True,-22.185693619973662,0.056603224308870284,30
30,50,0.8,0.05,0.65,35,True,-22.221349114259873,0.03692997514892855,30
30,50,0.8,0.05,0.75,10,True,-22.232123754964185,0.04040548991531594,30
30,50,0.8,0.05,0.75,20,True,-22.22951425035067,0.02115387708491621,30
30,50,0.8,0.05,0.75,35,True,-22.19911385814869,0.08123055362955672,30
30,100,0.6,0.01,0.55,10,True,-22.26180189336371,0.0335012906200732,30
30,100,0.6,0.01,0.55,20,True,-22.224226743642,0.058959812418205595,30
30,100,0.6,0.01,0.55,35,True,-22.252479245338975,0.026759578175040873,30
30,100,0.6,0.01,0.65,10,True,-22.23871304128689,0.01734935130675894,30
30,100,0.6,0.01,0.65,20,True,-22.234690137737363,0.04241116524212297,30
30,100,0.6,0.01,0.65,35,True,-22.252648748929417,0.055497200506377894,30
30,100,0.6,0.01,0.75,10,True,-22.26212458492809,0.03386807987923457,30
30,100,0.6,0.01,0.75,20,True,-22.226575987386095,0.06611294279059711,30
30,100,0.6,0.01,0.75,35,True,-22.201990748555605,0.05649883810567727,30
30,100,0.6,0.03,0.55,10,True,-22.2227608646288,0.02721868221769852,30
30,100,0.6,0.03,0.55,20,True,-22.221215864081643,0.024804629587796806,30
30,100,0.6,0.03,0.55,35,True,-22.238597637125142,0.05063417692736641,30
30,100,0.6,0.03,0.65,10,True,-22.227079299517168,0.05079942905235876,30
30,100,0.6,0.03,0.65,20,True,-22.244027523201023,0.027077033879176753,30
30,100,0.6,0.03,0.65,35,True,-22.247025775263655,0.0348714307766132,30
30,100,0.6,0.03,0.75,10,True,-22.26647197526161,0.026859742699414164,30
30,100,0.6,0.03,0.75,20,True,-22.23286648765447,0.05291929913309434,30
30,100,0.6,0.03,0.75,35,True,-22.24266941791526,0.038330016567590906,30
30,100,0.6,0.05,0.55,10,True,-22.251573521532894,0.03393840486000215,30
30,100,0.6,0.05,0.55,20,True,-22.219647777748293,0.037565380468589545,30
30,100,0.6,0.05,0.55,35,True,-22.286223805219116,0.021026339446514643,30
30,100,0.6,0.05,0.65,10,True,-22.26684132579064,0.026525093374074857,30
30,100,0.6,0.05,0.65,20,True,-22.25752615848449,0.03982512433631141,30
30,100,0.6,0.05,0.65,35,True,-22.258098389016812,0.037635066225188765,30
30,100,0.6,0.05,0.75,10,True,-22.27205037983286,0.035345113667624786,30
30,100,0.6,0.05,0.75,20,True,-22.290766125223882,0.019182029818768244,30
30,100,0.6,0.05,0.75,35,True,-22.24716160108733,0.04407208397641899,30
30,100,0.7,0.01,0.55,10,True,-22.24092355316057,0.045681583866168905,30
30,100,0.7,0.01,0.55,20,True,-22.280282109383748,0.04217006374177239,30
30,100,0.7,0.01,0.55,35,True,-22.196239866345653,0.052935561255464975,30
30,100,0.7,0.01,0.65,10,True,-22.21891832912598,0.050891129318163156,30
30,100,0.7,0.01,0.65,20,True,-22.231925493908673,0.02910415558932277,30
30,100,0.7,0.01,0.65,35,True,-22.229582996634594,0.049994947246436515,30
30,100,0.7,0.01,0.75,10,True,-22.216686516290007,0.07415149687409348,30
30,100,0.7,0.01,0.75,20,True,-22.22178225902858,0.022932905904635727,30
30,100,0.7,0.01,0.75,35,True,-22.254039151395023,0.03705569506320506,30
30,100,0.7,0.03,0.55,10,True,-22.244758178750605,0.044360274994447994,30
30,100,0.7,0.03,0.55,20,True,-22.252147011176422,0.04123734491592958,30
30,100,0.7,0.03,0.55,35,True,-22.243646397256892,0.050132385834589545,30
30,100,0.7,0.03,0.65,10,True,-22.25956263170175,0.026960841575657913,30
30,100,0.7,0.03,0.65,20,True,-22.23984258856237,0.04244217453707122,30
30,100,0.7,0.03,0.65,35,True,-22.231705118512373,0.03340230158559223,30
30,100,0.7,0.03,0.75,10,True,-22.27082487343959,0.035979289477125025,30
30,100,0.7,0.03,0.75,20,True,-22.27654616884682,0.03719060044172992,30
30,100,0.7,0.03,0.75,35,True,-22.221585908336813,0.04962173404917599,30
30,100,0.7,0.05,0.55,10,True,-22.258911551379498,0.06593259806999255,30
30,100,0.7,0.05,0.55,20,True,-22.265324821641183,0.025947060974832917,30
30,100,0.7,0.05,0.55,35,True,-22.261985668637447,0.05007992176293646,30
30,100,0.7,0.05,0.65,10,True,-22.27856193264093,0.03863976155703895,30
30,100,0.7,0.05,0.65,20,True,-22.294843900423427,0.022691770182210594,30
30,100,0.7,0.05,0.65,35,True,-22.26803881176369,0.026130994792171496,30
30,100,0.7,0.05,0.75,10,True,-22.258385896508184,0.03702450041541173,30
30,100,0.7,0.05,0.75,20,True,-22.265275529121052,0.03220055166116303,30
30,100,0.7,0.05,0.75,35,True,-22.29208811597001,0.030811205916029424,30
30,100,0.8,0.01,0.55,10,True,-22.23851673809152,0.04668320755533607,30
30,100,0.8,0.01,0.55,20,True,-22.26323734223149,0.030164916152925703,30
30,100,0.8,0.01,0.55,35,True,-22.211840558261258,0.042960057981598396,30
30,100,0.8,0.01,0.65,10,True,-22.23485365405618,0.03777147084222095,30
30,100,0.8,0.01,0.65,20,True,-22.262532637397268,0.026698320675504216,30
30,100,0.8,0.01,0.65,35,True,-22.250788400111475,0.06178487260206255,30
30,100,0.8,0.01,0.75,10,True,-22.274994353190813,0.030302389399237257,30
30,100,0.8,0.01,0.75,20,True,-22.250952352065877,0.039362336588092586,30
30,100,0.8,0.01,0.75,35,True,-22.23086961253356,0.06289367204650341,30
30,100,0.8,0.03,0.55,10,True,-22.26511425256575,0.035091430600901294,30
30,100,0.8,0.03,0.55,20,True,-22.223328832365166,0.03617616086400156,30
30,100,0.8,0.03,0.55,35,True,-22.201603632723728,0.027241797420065956,30
30,100,0.8,0.03,0.65,10,True,-22.268240678956676,0.022026089693460336,30
30,100,0.8,0.03,0.65,20,True,-22.243086997115604,0.026185034196406845,30
30,100,0.8,0.03,0.65,35,True,-22.250375713043383,0.03619499656519746,30
30,100,0.8,0.03,0.75,10,True,-22.266646556360307,0.02887820878772851,30
30,100,0.8,0.03,0.75,20,True,-22.262876136262054,0.03389891763801004,30
30,100,0.8,0.03,0.75,35,True,-22.22546529377862,0.06322680265671782,30
30,100,0.8,0.05,0.55,10,True,-22.277266461539618,0.04832478181012045,30
30,100,0.8,0.05,0.55,20,True,-22.293133219347123,0.013471582115878199,30
30,100,0.8,0.05,0.55,35,True,-22.266993023902838,0.02665366258049601,30
30,100,0.8,0.05,0.65,10,True,-22.24940123211647,0.050868648665721,30
30,100,0.8,0.05,0.65,20,True,-22.24262204959404,0.019731776041913007,30
30,100,0.8,0.05,0.65,35,True,-22.270765735852773,0.023842891940719438,30
30,100,0.8,0.05,0.75,10,True,-22.275632510379314,0.0395405306769819,30
30,100,0.8,0.05,0.75,20,True,-22.27682962553723,0.01753117466372879,30
30,100,0.8,0.05,0.75,35,True,-22.28484577452002,0.015268930211720511,30
50,10,0.6,0.01,0.55,10,True,-22.027123896738818,0.1770274760062385,50
50,10,0.6,0.01,0.55,20,True,-22.061513744722685,0.29484614061126635,50
50,10,0.6,0.01,0.55,35,True,-22.13569406340197,0.06396500163304011,50
50,10,0.6,0.01,0.65,10,True,-22.09726491788452,0.11146584638710558,50
50,10,0.6,0.01,0.65,20,True,-22.166421903669537,0.07933077421515208,50
50,10,0.6,0.01,0.65,35,True,-22.052992506956848,0.10143549121038327,50
50,10,0.6,0.01,0.75,10,True,-22.138965167403,0.11997172676218754,50
50,10,0.6,0.01,0.75,20,True,-22.120420159527864,0.23993181817043263,50
50,10,0.6,0.01,0.75,35,True,-22.184502364483503,0.09728624718178934,50
50,10,0.6,0.03,0.55,10,True,-22.15710323773823,0.11147842129004383,50
50,10,0.6,0.03,0.55,20,True,-22.066207998359495,0.04368413044636906,50
50,10,0.6,0.03,0.55,35,True,-22.181212684812945,0.06275943950488856,50
50,10,0.6,0.03,0.65,10,True,-22.17444143858511,0.09731888142162626,50
50,10,0.6,0.03,0.65,20,True,-22.132557031752242,0.07357256224975948,50
50,10,0.6,0.03,0.65,35,True,-22.121623071972902,0.1129606030949237,50
50,10,0.6,0.03,0.75,10,True,-22.181054854912542,0.09374437008555281,50
50,10,0.6,0.03,0.75,20,True,-22.173574956728658,0.0820731715152909,50
50,10,0.6,0.03,0.75,35,True,-22.220907648790874,0.06030641651514207,50
50,10,0.6,0.05,0.55,10,True,-22.150067066254003,0.05666439139582127,50
50,10,0.6,0.05,0.55,20,True,-22.173976184141498,0.0655984056443635,50
50,10,0.6,0.05,0.55,35,True,-22.132144883891613,0.08514223152394435,50
50,10,0.6,0.05,0.65,10,True,-22.15279021405074,0.060527740794727204,50
50,10,0.6,0.05,0.65,20,True,-22.143293532119518,0.10966391668581427,50
50,10,0.6,0.05,0.65,35,True,-22.210324910988984,0.046539848909163795,50
50,10,0.6,0.05,0.75,10,True,-22.165953204893587,0.10415616843719559,50
50,10,0.6,0.05,0.75,20,True,-22.134287614638275,0.11227221725700484,50
50,10,0.6,0.05,0.75,35,True,-22.17843126246155,0.12138619075590815,50
50,10,0.7,0.01,0.55,10,True,-22.1066815700553,0.15738363006416806,50
50,10,0.7,0.01,0.55,20,True,-22.10186487723612,0.17523483957454583,50
50,10,0.7,0.01,0.55,35,True,-22.119237906636734,0.14436423003416737,50
50,10,0.7,0.01,0.65,10,True,-22.138649557790515,0.06748731566642029,50
50,10,0.7,0.01,0.65,20,True,-22.10958156536541,0.09609034775862935,50
50,10,0.7,0.01,0.65,35,True,-21.85939900228199,0.2123756885487073,50
50,10,0.7,0.01,0.75,10,True,-22.106299116141958,0.22747273437168172,50
50,10,0.7,0.01,0.75,20,True,-22.03915375867387,0.13798215025797458,50
50,10,0.7,0.01,0.75,35,True,-22.084095405079925,0.13336063632053685,50
50,10,0.7,0.03,0.55,10,True,-22.199273082960932,0.05110302368498108,50
50,10,0.7,0.03,0.55,20,True,-22.08285433331046,0.06940403400072492,50
50,10,0.7,0.03,0.55,35,True,-22.201173629218655,0.09078226289730679,50
50,10,0.7,0.03,0.65,10,True,-22.124978707806445,0.10444418585712494,50
50,10,0.7,0.03,0.65,20,True,-22.129736240596763,0.06336436403570332,50
50,10,0.7,0.03,0.65,35,True,-22.20047816852238,0.0877912930006155,50
50,10,0.7,0.03,0.75,10,True,-22.148974884330585,0.12047098800525177,50
50,10,0.7,0.03,0.75,20,True,-22.163197137177715,0.11259298517123666,50
50,10,0.7,0.03,0.75,35,True,-22.143349848799772,0.13703235618508863,50
50,10,0.7,0.05,0.55,10,True,-22.141663670111054,0.09176287309989829,50
50,10,0.7,0.05,0.55,20,True,-22.17613633825352,0.09993536917699831,50
50,10,0.7,0.05,0.55,35,True,-22.167243334645296,0.04530100225840588,50
50,10,0.7,0.05,0.65,10,True,-22.13808747671486,0.09987001736067896,50
50,10,0.7,0.05,0.65,20,True,-22.117148023959775,0.12309148709145559,50
50,10,0.7,0.05,0.65,35,True,-22.20409492007451,0.05901859591621571,50
50,10,0.7,0.05,0.75,10,True,-22.185746324150255,0.12965774187113502,50
50,10,0.7,0.05,0.75,20,True,-22.121174704919447,0.10199648322777909,50
50,10,0.7,0.05,0.75,35,True,-22.15751530795198,0.10066985379531954,50
50,10,0.8,0.01,0.55,10,True,-22.054657766282443,0.13593427201033212,50
50,10,0.8,0.01,0.55,20,True,-21.98066450754382,0.21832347944924058,50
50,10,0.8,0.01,0.55,35,True,-21.974250111499504,0.2530144580585078,50
50,10,0.8,0.01,0.65,10,True,-22.135105073236875,0.13481292297132846,50
50,10,0.8,0.01,0.65,20,True,-22.126021454922814,0.20827679454948142,50
50,10,0.8,0.01,0.65,35,True,-22.065752823203756,0.08671622299033846,50
50,10,0.8,0.01,0.75,10,True,-22.044768866161895,0.24526774482047278,50
50,10,0.8,0.01,0.75,20,True,-22.068948189612467,0.23314257082408227,50
50,10,0.8,0.01,0.75,35,True,-22.067660845743386,0.22892270052166513,50
50,10,0.8,0.03,0.55,10,True,-22.183635620123425,0.07788533104916578,50
50,10,0.8,0.03,0.55,20,True,-22.172670050569547,0.07409621253945707,50
50,10,0.8,0.03,0.55,35,True,-22.08632791403173,0.1019343142495163,50
50,10,0.8,0.03,0.65,10,True,-22.13360026523422,0.06747657390733078,50
50,10,0.8,0.03,0.65,20,True,-22.18456276172271,0.04537168884962689,50
50,10,0.8,0.03,0.65,35,True,-22.035620507601756,0.12012745523106232,50
50,10,0.8,0.03,0.75,10,True,-22.14444108569588,0.11794445374580302,50
50,10,0.8,0.03,0.75,20,True,-22.1522799306944,0.08946490501045751,50
50,10,0.8,0.03,0.75,35,True,-22.187804663279405,0.05043209738540576,50
50,10,0.8,0.05,0.55,10,True,-22.202879273867783,0.04845617601727037,50
50,10,0.8,0.05,0.55,20,True,-22.144858684944627,0.1320666917895084,50
50,10,0.8,0.05,0.55,35,True,-22.096874032372796,0.063819573641501,50
50,10,0.8,0.05,0.65,10,True,-22.16719545852647,0.07937083236446632,50
50,10,0.8,0.05,0.65,20,True,-22.18578279253363,0.07194910001214418,50
50,10,0.8,0.05,0.65,35,True,-22.2172218990897,0.059602051069864014,50
50,10,0.8,0.05,0.75,10,True,-22.10459482883213,0.12777304028845737,50
50,10,0.8,0.05,0.75,20,True,-22.184601572824324,0.1284959582206945,50
50,10,0.8,0.05,0.75,35,True,-22.270848353647146,0.040065573889712325,50
50,50,0.6,0.01,0.55,10,True,-22.196062197912454,0.013679192389696273,50
50,50,0.6,0.01,0.55,20,True,-22.22327007603567,0.059115915294169354,50
50,50,0.6,0.01,0.55,35,True,-22.205268426378336,0.09144255838461275,50
50,50,0.6,0.01,0.65,10,True,-22.182051597726883,0.06956376489173652,50
50,50,0.6,0.01,0.65,20,True,-22.1952817384181,0.0701728557985059,50
50,50,0.6,0.01,0.65,35,True,-22.22611903110651,0.05699726261411207,50
50,50,0.6,0.01,0.75,10,True,-22.227706788357594,0.03569935028245104,50
50,50,0.6,0.01,0.75,20,True,-22.22290888245551,0.06306189655040934,50
50,50,0.6,0.01,0.75,35,True,-22.141117461266262,0.0577055495193703,50
50,50,0.6,0.03,0.55,10,True,-22.247384174011657,0.052332999908400735,50
50,50,0.6,0.03,0.55,20,True,-22.28163740086376,0.024042733191675977,50
50,50,0.6,0.03,0.55,35,True,-22.228113490716517,0.0483996741683008,50
50,50,0.6,0.03,0.65,10,True,-22.22274419377604,0.07546138004949574,50
50,50,0.6,0.03,0.65,20,True,-22.25376637007468,0.04661566527302223,50
50,50,0.6,0.03,0.65,35,True,-22.208246029352196,0.05381684962208935,50
50,50,0.6,0.03,0.75,10,True,-22.25664851662786,0.04060906909610887,50
50,50,0.6,0.03,0.75,20,True,-22.218684724547348,0.0371726128300888,50
50,50,0.6,0.03,0.75,35,True,-22.224554558012517,0.055094999860846636,50
50,50,0.6,0.05,0.55,10,True,-22.224775247146564,0.046617277093410195,50
50,50,0.6,0.05,0.55,20,True,-22.24270823958349,0.05237059849310781,50
50,50,0.6,0.05,0.55,35,True,-22.240232705122672,0.029800762253069664,50
50,50,0.6,0.05,0.65,10,True,-22.22013145753104,0.04319524128078008,50
50,50,0.6,0.05,0.65,20,True,-22.201812095308046,0.028661894816826468,50
50,50,0.6,0.05,0.65,35,True,-22.213041715990766,0.06835724903121153,50
50,50,0.6,0.05,0.75,10,True,-22.243035785691973,0.030973162454044804,50
50,50,0.6,0.05,0.75,20,True,-22.27420045324666,0.033026871663637686,50
50,50,0.6,0.05,0.75,35,True,-22.27047521841435,0.045017402787231625,50
50,50,0.7,0.01,0.55,10,True,-22.20211501754656,0.06264811786379082,50
50,50,0.7,0.01,0.55,20,True,-22.144870553955112,0.06925080502885461,50
50,50,0.7,0.01,0.55,35,True,-22.22430261568438,0.01850921648156637,50
50,50,0.7,0.01,0.65,10,True,-22.23016829689145,0.025051107181336445,50
50,50,0.7,0.01,0.65,20,True,-22.241082380232196,0.0701075002417878,50
50,50,0.7,0.01,0.65,35,True,-22.228216004979913,0.029499280751601128,50
50,50,0.7,0.01,0.75,10,True,-22.205515639725036,0.027809094883736472,50
50,50,0.7,0.01,0.75,20,True,-22.215554606746917,0.040032199992594705,50
50,50,0.7,0.01,0.75,35,True,-22.198021686658468,0.07418286345033599,50
50,50,0.7,0.03,0.55,10,True,-22.21968942060253,0.04981086994600069,50
50,50,0.7,0.03,0.55,20,True,-22.218803279658623,0.056733900620427394,50
50,50,0.7,0.03,0.55,35,True,-22.252629318241407,0.03191106442088582,50
50,50,0.7,0.03,0.65,10,True,-22.233249073564046,0.044786349691823324,50
50,50,0.7,0.03,0.65,20,True,-22.25270494248252,0.04671598819578643,50
50,50,0.7,0.03,0.65,35,True,-22.220543909127215,0.03886472180342982,50
50,50,0.7,0.03,0.75,10,True,-22.215326919529257,0.0455704121080407,50
50,50,0.7,0.03,0.75,20,True,-22.21047502725284,0.03854250605518402,50
50,50,0.7,0.03,0.75,35,True,-22.23637461206773,0.015065908450697435,50
50,50,0.7,0.05,0.55,10,True,-22.237573782695733,0.035392338615527784,50
50,50,0.7,0.05,0.55,20,True,-22.265165582963824,0.022445358525684238,50
50,50,0.7,0.05,0.55,35,True,-22.243997285314535,0.036818004463926614,50
50,50,0.7,0.05,0.65,10,True,-22.25511289202421,0.036065161263926955,50
50,50,0.7,0.05,0.65,20,True,-22.275888019005098,0.02029886232181299,50
50,50,0.7,0.05,0.65,35,True,-22.257693077016704,0.03493467059133437,50
50,50,0.7,0.05,0.75,10,True,-22.256535915891785,0.053750097866966925,50
50,50,0.7,0.05,0.75,20,True,-22.282551738721523,0.030427489143858275,50
50,50,0.7,0.05,0.75,35,True,-22.239040143642033,0.05130752792012937,50
50,50,0.8,0.01,0.55,10,True,-22.22929827248781,0.06809422681252608,50
50,50,0.8,0.01,0.55,20,True,-22.233879220246973,0.056196399529958994,50
50,50,0.8,0.01,0.55,35,True,-22.21151804838862,0.06295825865801717,50
50,50,0.8,0.01,0.65,10,True,-22.215127806019247,0.08333133306680096,50
50,50,0.8,0.01,0.65,20,True,-22.209197182447756,0.09165535273749689,50
50,50,0.8,0.01,0.65,35,True,-22.256567733293885,0.03457870428866812,50
50,50,0.8,0.01,0.75,10,True,-22.20843702942378,0.06376004691101023,50
50,50,0.8,0.01,0.75,20,True,-22.203109683672675,0.05131668149422005,50
50,50,0.8,0.01,0.75,35,True,-22.236919255822503,0.07884544685723521,50
50,50,0.8,0.03,0.55,10,True,-22.20694812949905,0.044627894221041145,50
50,50,0.8,0.03,0.55,20,True,-22.27066301894602,0.052809231835064085,50
50,50,0.8,0.03,0.55,35,True,-22.22352955442972,0.04862671268417365,50
50,50,0.8,0.03,0.65,10,True,-22.269184502227787,0.0712886091225486,50
50,50,0.8,0.03,0.65,20,True,-22.238122597446342,0.03924729211888837,50
50,50,0.8,0.03,0.65,35,True,-22.23233596824317,0.041706610068551815,50
50,50,0.8,0.03,0.75,10,True,-22.247711391284295,0.052145661825947445,50
50,50,0.8,0.03,0.75,20,True,-22.22945694522612,0.05552756662593329,50
50,50,0.8,0.03,0.75,35,True,-22.224752863865888,0.04217295255597587,50
50,50,0.8,0.05,0.55,10,True,-22.277822776480452,0.024397556320008788,50
50,50,0.8,0.05,0.55,20,True,-22.253739347225416,0.06530835894901788,50
50,50,0.8,0.05,0.55,35,True,-22.21864104861946,0.027751577540177305,50
50,50,0.8,0.05,0.65,10,True,-22.240288608490584,0.01972887334713657,50
50,50,0.8,0.05,0.65,20,True,-22.25642867693239,0.03529628406561254,50
50,50,0.8,0.05,0.65,35,True,-22.252180404497917,0.041240995961203245,50
50,50,0.8,0.05,0.75,10,True,-22.25180066837319,0.036643543194394314,50
50,50,0.8,0.05,0.75,20,True,-22.260174974867766,0.017284736716485484,50
50,50,0.8,0.05,0.75,35,True,-22.236118635440185,0.040965540881585334,50
50,100,0.6,0.01,0.55,10,True,-22.269456296915678,0.03091224815731575,50
50,100,0.6,0.01,0.55,20,True,-22.244489301763345,0.041196339973123615,50
50,100,0.6,0.01,0.55,35,True,-22.255226461865576,0.05079648585504989,50
50,100,0.6,0.01,0.65,10,True,-22.25205078278661,0.019532141293987365,50
50,100,0.6,0.01,0.65,20,True,-22.234436266359715,0.04501443108836381,50
50,100,0.6,0.01,0.65,35,True,-22.204658369765795,0.06331488614962809,50
50,100,0.6,0.01,0.75,10,True,-22.223515144522235,0.045626518865959004,50
50,100,0.6,0.01,0.75,20,True,-22.257486806353274,0.015858193152676402,50
50,100,0.6,0.01,0.75,35,True,-22.268781458857482,0.0424989108883844,50
50,100,0.6,0.03,0.55,10,True,-22.25336400912381,0.02672672910097638,50
50,100,0.6,0.03,0.55,20,True,-22.253975666680713,0.04573965583930024,50
50,100,0.6,0.03,0.55,35,True,-22.238697788815703,0.04416174226626591,50
50,100,0.6,0.03,0.65,10,True,-22.237772152394314,0.03294497551026867,50
50,100,0.6,0.03,0.65,20,True,-22.268454029172368,0.05003966742187811,50
50,100,0.6,0.03,0.65,35,True,-22.242626867590438,0.037495053227241136,50
50,100,0.6,0.03,0.75,10,True,-22.272830779389423,0.030101200014003328,50
50,100,0.6,0.03,0.75,20,True,-22.26428663551464,0.03902675303858299,50
50,100,0.6,0.03,0.75,35,True,-22.261224669826674,0.0452322256714042,50
50,100,0.6,0.05,0.55,10,True,-22.283731988802973,0.03890449781742434,50
50,100,0.6,0.05,0.55,20,True,-22.269347736425782,0.041473802758926405,50
50,100,0.6,0.05,0.55,35,True,-22.257409449762495,0.027811770863409704,50
50,100,0.6,0.05,0.65,10,True,-22.261076278138486,0.02936236048950266,50
50,100,0.6,0.05,0.65,20,True,-22.276840592174153,0.03713696666519645,50
50,100,0.6,0.05,0.65,35,True,-22.27137818630153,0.041004143339033156,50
50,100,0.6,0.05,0.75,10,True,-22.249591964048662,0.03373898656207855,50
50,100,0.6,0.05,0.75,20,True,-22.2891299450596,0.009510785813161149,50
50,100,0.6,0.05,0.75,35,True,-22.273494006698304,0.009242412043406076,50
50,100,0.7,0.01,0.55,10,True,-22.240885911788553,0.02939450344840743,50
50,100,0.7,0.01,0.55,20,True,-22.255575855272944,0.030396964579054667,50
50,100,0.7,0.01,0.55,35,True,-22.251264850794946,0.03377086725597254,50
50,100,0.7,0.01,0.65,10,True,-22.258494541188117,0.07524905223928523,50
50,100,0.7,0.01,0.65,20,True,-22.213354432721367,0.03580533444187998,50
50,100,0.7,0.01,0.65,35,True,-22.201914041602112,0.020966478852688437,50
50,100,0.7,0.01,0.75,10,True,-22.27782583318112,0.03307471842658986,50
50,100,0.7,0.01,0.75,20,True,-22.252893418498473,0.03894971576551016,50
50,100,0.7,0.01,0.75,35,True,-22.246327189687563,0.0587545277215626,50
50,100,0.7,0.03,0.55,10,True,-22.260801088198143,0.040175187892850586,50
50,100,0.7,0.03,0.55,20,True,-22.259389147191428,0.03736925263941574,50
50,100,0.7,0.03,0.55,35,True,-22.25327288170272,0.020781367339433268,50
50,100,0.7,0.03,0.65,10,True,-22.294872079344586,0.01886411452864894,50
50,100,0.7,0.03,0.65,20,True,-22.243201216007414,0.01836429844477119,50
50,100,0.7,0.03,0.65,35,True,-22.24884641615156,0.0623359381756341,50
50,100,0.7,0.03,0.75,10,True,-22.27028210853397,0.016774170078512122,50
50,100,0.7,0.03,0.75,20,True,-22.247578720755108,0.03173431189151752,50
50,100,0.7,0.03,0.75,35,True,-22.277771596594015,0.01702746749063756,50
50,100,0.7,0.05,0.55,10,True,-22.27362564829947,0.025054970249250304,50
50,100,0.7,0.05,0.55,20,True,-22.27525295538083,0.04248001287112413,50
50,100,0.7,0.05,0.55,35,True,-22.258427607535754,0.03063589785292296,50
50,100,0.7,0.05,0.65,10,True,-22.274340960628223,0.019523674310096214,50
50,100,0.7,0.05,0.65,20,True,-22.28459146585377,0.027190098890964323,50
50,100,0.7,0.05,0.65,35,True,-22.284454448657677,0.015369403070320786,50
50,100,0.7,0.05,0.75,10,True,-22.286129310781607,0.030951509792274214,50
50,100,0.7,0.05,0.75,20,True,-22.260306381488846,0.02443892227884378,50
50,100,0.7,0.05,0.75,35,True,-22.27388147102996,0.017019881440605584,50
50,100,0.8,0.01,0.55,10,True,-22.229842385104618,0.035185546647687346,50
50,100,0.8,0.01,0.55,20,True,-22.225657771209725,0.04333688716180593,50
50,100,0.8,0.01,0.55,35,True,-22.234538483258856,0.04477146399694141,50
50,100,0.8,0.01,0.65,10,True,-22.22705596803117,0.04988618681384689,50
50,100,0.8,0.01,0.65,20,True,-22.251293393971125,0.03931703370861922,50
50,100,0.8,0.01,0.65,35,True,-22.251459617158964,0.04070431858491323,50
50,100,0.8,0.01,0.75,10,True,-22.253151220627707,0.033888608358639494,50
50,100,0.8,0.01,0.75,20,True,-22.264914451448124,0.0439783077324283,50
50,100,0.8,0.01,0.75,35,True,-22.207315163050314,0.0328841683715343,50
50,100,0.8,0.03,0.55,10,True,-22.27291375956327,0.026808687832195914,50
50,100,0.8,0.03,0.55,20,True,-22.257032573804512,0.030762461313457796,50
50,100,0.8,0.03,0.55,35,True,-22.27065300717567,0.03126120580871796,50
50,100,0.8,0.03,0.65,10,True,-22.2685884984487,0.033713522028493384,50
50,100,0.8,0.03,0.65,20,True,-22.258686411747572,0.02208001280142846,50
50,100,0.8,0.03,0.65,35,True,-22.26022061190133,0.03150684527478747,50
50,100,0.8,0.03,0.75,10,True,-22.247412230780387,0.0407029396975592,50
50,100,0.8,0.03,0.75,20,True,-22.27410551222259,0.025992902749310567,50
50,100,0.8,0.03,0.75,35,True,-22.232201675691407,0.07884423368854057,50
50,100,0.8,0.05,0.55,10,True,-22.251849436676974,0.052359499393289995,50
50,100,0.8,0.05,0.55,20,True,-22.271944959591313,0.020623544300729414,50
50,100,0.8,0.05,0.55,35,True,-22.24508429235194,0.04083223264264954,50
50,100,0.8,0.05,0.65,10,True,-22.285490078733805,0.018117282205644077,50
50,100,0.8,0.05,0.65,20,True,-22.292528503009056,0.03102676732073026,50
50,100,0.8,0.05,0.65,35,True,-22.294937782033895,0.024938118685039666,50
50,100,0.8,0.05,0.75,10,True,-22.282080642636252,0.05377474439384257,50
50,100,0.8,0.05,0.75,20,True,-22.274664457445542,0.02860711486430924,50
50,100,0.8,0.05,0.75,35,True,-22.244112314575634,0.031552908469383224,50
