generations,population,crossover,mutation,elitism,bits,score,avg_fitness,std_dev
12,34,0.7923,0.0106,0.6754,20,-4.486378434134315,-5.827424637726188,0.28209240718374456
18,84,0.7044,0.0218,0.614,16,-4.460205256617052,-6.305397801157073,0.09038508908004224
16,45,0.727,0.0121,0.6286,10,-4.141321953956519,-5.924766849099976,0.3668897902869154
21,56,0.7807,0.0264,0.7452,24,-4.0661931209169335,-6.301478524721234,0.2705708076086021
20,88,0.6493,0.0108,0.6145,20,-4.064301247309476,-6.219978135261952,0.3113537759049519
15,61,0.7943,0.0413,0.7177,14,-3.987348597086127,-5.8674057016266925,0.7601142090811317
21,82,0.7236,0.0257,0.6852,21,-3.78921186885804,-6.159270683497845,0.5401176292796106
16,54,0.7927,0.039,0.7461,17,-3.6468439966913606,-5.805623098473953,1.117558203565185
22,60,0.7897,0.0146,0.6749,10,-3.4757025565797974,-5.905439788717037,0.45947446427447775
21,28,0.794,0.0164,0.7457,28,-3.0292410506912293,-5.208470512811326,0.15845892424019375
41,67,0.6317,0.0461,0.6177,14,-2.447296013115163,-6.548318819593429,0.0020456129565309253
30,67,0.7748,0.0126,0.5507,13,-2.4307479647223165,-5.8470623904103585,0.8326288513760848
36,58,0.7842,0.0404,0.7127,10,-2.3220548641298833,-6.195998564540792,0.5478874008218169
46,89,0.735,0.0174,0.7343,10,-1.7346676573581066,-6.382035378956202,0.09473544319618898
48,56,0.776,0.0401,0.5785,28,-1.5105646741342111,-6.372936769720557,0.12474419117268981
18,84,0.7044,0.0218,0.614,16,-4.596390530773556,-6.433492276848008,0.07420349214890284
20,88,0.6493,0.0108,0.7452,20,-4.374450870518723,-6.422294187707892,0.09568663437833798
21,88,0.6493,0.0108,0.6145,20,-4.362805965626052,-6.484060019287687,0.04250810732327057
21,82,0.7236,0.0257,0.6852,21,-4.288131246424223,-6.430358451421136,0.08445440999382578
20,88,0.6493,0.0108,0.6145,20,-4.2162552018524755,-6.332852993185465,0.23319558266597892
21,84,0.7949,0.0264,0.7452,24,-4.2104306722545335,-6.324098246585391,0.027335148661717424
12,45,0.727,0.0121,0.6754,10,-4.062487555541347,-5.654431494055488,0.7838878770282811
12,56,0.7923,0.0106,0.7452,24,-3.9483052238909684,-5.540886419027753,0.7851623902735703
21,56,0.7807,0.0264,0.7452,24,-3.9310309622159507,-6.188678603913803,0.3152952833957042
12,34,0.7923,0.0106,0.6754,20,-3.686733800442398,-5.387638412326409,1.0018092237680225
12,34,0.7923,0.0106,0.7452,20,-3.377543340083424,-5.417377755634826,1.6796688311028032
20,88,0.6493,0.0218,0.614,20,-3.354686347324355,-5.628336548694101,0.5473004027394922
15,61,0.7943,0.0413,0.7177,14,-3.1623058556401595,-5.1448638396150725,0.9651159679498258
12,34,0.727,0.0106,0.6754,10,-2.953088199429164,-4.8219483936365775,1.3377203884148268
16,45,0.727,0.0121,0.6286,10,-2.953023376829496,-5.281901203538861,1.457755653418729
21,84,0.7949,0.0264,0.7452,24,-4.422388740191266,-6.527822842966022,0.010868205549510542
18,84,0.7044,0.0218,0.614,16,-4.353021503038783,-6.249121141252296,0.19219927642702644
20,88,0.6493,0.0108,0.7452,20,-4.319094512626526,-6.374061490581212,0.10993395590937222
21,88,0.6493,0.0108,0.6145,21,-4.301020784737858,-6.428063407194336,0.054085244912955945
21,88,0.7236,0.0108,0.6145,20,-4.28011500843491,-6.420799096468406,0.08136817606699247
21,82,0.7044,0.0257,0.5871,16,-4.101268410497605,-6.306965377916488,0.21139393483776642
21,85,0.7236,0.0108,0.6852,20,-4.023033987871138,-6.281972696857204,0.3178774179721329
21,84,0.7044,0.0257,0.614,21,-3.924203532549869,-6.24564460590227,0.4428821467048017
20,82,0.7236,0.016,0.7452,20,-3.9120038955967082,-6.09710643656091,0.3702050819284031
21,88,0.6493,0.0108,0.6145,20,-3.89617322096429,-6.160032527060262,0.32771861219194376
12,45,0.727,0.0121,0.6754,10,-3.860263104256571,-5.522099785386086,0.9236733622590289
20,84,0.7044,0.0108,0.614,16,-3.731322545744896,-6.017461890834746,0.5722786901797009
21,82,0.7236,0.0108,0.6578,20,-3.653909681351672,-5.978448599031065,0.44907783535878576
21,82,0.7236,0.0257,0.6852,21,-2.5240977954716644,-5.264184111651888,1.280172632360446
20,88,0.6493,0.0108,0.6145,20,inf,inf,inf
18,84,0.7044,0.0218,0.614,16,-4.252376315469981,-6.248231403879485,0.3917101768190084
20,53,0.7949,0.0264,0.7452,24,-4.097893044826091,-6.238521890793645,0.28125769193510664
21,84,0.7949,0.0264,0.7452,24,-4.080819302606011,-6.240414164126482,0.11918972304094183
21,88,0.7839,0.0108,0.6145,21,-4.073896281097802,-6.283409690779832,0.21902681936406052
21,82,0.7044,0.0257,0.5871,16,-4.008660542517459,-6.287077605546404,0.35683412605788795
21,84,0.7044,0.0367,0.7452,24,-4.006985702675426,-6.231298044077363,0.24862468280387276
21,85,0.7236,0.0108,0.6852,20,-3.9992484363859213,-6.268866623577937,0.3392363743840305
21,84,0.7949,0.0108,0.6145,24,-3.9939473813061883,-6.280652110260751,0.3734094579091236
21,88,0.6493,0.0108,0.6145,21,-3.9260347689000583,-6.195725083728368,0.339380629656618
20,88,0.6493,0.0108,0.7452,20,-3.9085262162725174,-6.047405360588396,0.2777582886317563
21,84,0.7236,0.0264,0.7452,24,-3.89375539707757,-6.1933926541533575,0.3992745141515751
20,88,0.6493,0.0108,0.7452,20,-3.882464428276215,-6.108461835009932,0.45199481346743386
21,84,0.6493,0.0108,0.6145,24,-3.5179958464638053,-5.877671184634662,0.5193506763417123
29,84,0.6493,0.0108,0.614,20,-3.4760790278186224,-6.4433438074326315,0.13452955922801682
21,88,0.7236,0.0108,0.6145,20,-3.4416849226479536,-5.980868300405357,0.8783667555148066
21,88,0.7839,0.0108,0.6145,21,-4.3849265116590725,-6.492798012032136,0.015743000746127153
18,84,0.7949,0.0218,0.7452,24,-4.313528832248992,-6.151233592378956,0.07540952025992732
21,84,0.7044,0.0257,0.5905,24,-4.242477060605562,-6.3995786846151335,0.11420324801914046
21,82,0.7044,0.0257,0.5871,16,-4.2160581976718685,-6.38976827651417,0.14742015768460365
21,84,0.7949,0.0218,0.7452,24,-4.214908040423772,-6.355600232377064,0.08138438390658338
18,84,0.7044,0.0218,0.614,16,-4.167879918285208,-6.081941909086155,0.2281239816018948
20,53,0.7949,0.0264,0.7452,24,-4.136304706372078,-6.276388021754468,0.28016663076477977
21,84,0.7044,0.0367,0.7452,24,-4.04951294653222,-6.290903009494594,0.282780125924748
21,84,0.7044,0.0257,0.5871,24,-4.026670070777342,-6.278649826071943,0.3039595105892015
21,66,0.7949,0.0264,0.7452,16,-3.9865146233910305,-6.190116473136619,0.20720369949117767
21,88,0.7949,0.0264,0.721,24,-3.8605636513497994,-6.143020817678503,0.36491433265740536
20,84,0.7044,0.0218,0.7452,24,-3.7704349065254705,-6.00379229068348,0.4667147683160184
21,85,0.7236,0.0108,0.6852,20,-3.462009285597435,-5.976560456457838,0.8291023417208058
21,84,0.7949,0.0264,0.7452,24,-2.9087837624906707,-5.542396048153717,1.0672245713260913
36,88,0.7839,0.0218,0.6145,16,-2.7107972752098033,-6.341316868204936,0.061039185990265844
21,88,0.7044,0.0108,0.6145,24,-4.273400245070851,-6.443581203307804,0.14036191647390464
18,84,0.7949,0.0218,0.7452,24,-4.225648291783969,-6.179568542647047,0.3078405017261565
21,82,0.7044,0.0257,0.5871,16,-4.223070061738534,-6.3808662392053845,0.11559235493370085
21,82,0.7044,0.0257,0.5871,16,-4.209972313276793,-6.418003294056272,0.21606196155895727
21,84,0.7949,0.0218,0.7452,24,-4.201225667117958,-6.378967832311812,0.1554843303877082
21,84,0.7949,0.0218,0.7452,24,-4.131827017391895,-6.3153413080754985,0.1670285813672055
21,84,0.7044,0.0257,0.5905,24,-4.121458094991883,-6.2741028322399135,0.1052894744960595
21,88,0.7839,0.0108,0.6145,21,-3.9943438618424536,-6.211323917400795,0.2339601111166818
21,84,0.7949,0.0108,0.6145,18,-3.923220469003232,-6.080869697629617,0.11529845725277044
21,84,0.7044,0.0257,0.5871,16,-3.7506235006370283,-6.065184901864877,0.42912280245569784
18,84,0.7044,0.0218,0.614,16,-3.674629052751275,-5.693433247941553,0.43760839038055793
21,84,0.7044,0.0218,0.7452,24,-3.614750317148791,-6.02063779471181,0.6117749551260366
20,53,0.7949,0.0264,0.7452,24,-3.48208783833239,-5.637508511413239,0.31084134616169906
21,82,0.7044,0.0218,0.7452,16,-3.4650797915802465,-5.995672879249883,0.8611861753392712
21,84,0.7044,0.0257,0.7452,24,-2.3728469177648113,-5.089461835802456,1.2332298360752894
21,82,0.7044,0.0257,0.5871,16,-4.232238688023367,-6.3673418024913095,0.07020622893588523
18,88,0.7044,0.0218,0.7452,24,-4.227708902330832,-6.182170357946426,0.3089229112311887
21,88,0.7949,0.0108,0.6145,24,-4.1982596012979005,-6.346756939173411,0.09699467575102103
21,84,0.7044,0.0257,0.5905,24,-4.164081961899294,-6.298906459855819,0.06964899591304866
21,84,0.7044,0.0108,0.6145,24,-4.123668198572927,-6.363463894223969,0.2795913913020824
21,84,0.7949,0.0218,0.7452,24,-4.079325043581566,-6.290802831414698,0.22295557566626453
21,88,0.7044,0.0108,0.6145,24,-4.018408665671505,-6.22582593655552,0.21483454176803177
18,84,0.7949,0.0218,0.7452,24,-3.9260395156933594,-5.880355619161015,0.30863220693531146
21,82,0.7949,0.0257,0.7452,24,-3.8140658719548965,-6.097092053009254,0.3660523621087145
21,82,0.7044,0.0108,0.5871,16,-3.807349538385538,-6.100870924256982,0.38704277174288704
21,84,0.7949,0.0218,0.7452,24,-3.764177768783241,-5.971540738095696,0.2147259386249098
21,84,0.7949,0.0218,0.7452,24,-3.718686017959311,-6.0979416062754765,0.5585111766323306
21,84,0.7949,0.0218,0.7452,24,-3.6358837551830043,-5.920743775942771,0.36972004151953397
21,82,0.7044,0.0257,0.5871,16,-3.5806350954704844,-5.872957698059227,0.3846452051774854
18,84,0.7949,0.0218,0.7452,24,-2.964720873112438,-5.020376660295706,0.5113115743665358
21,88,0.7031,0.0218,0.7452,24,-4.388285664829294,-6.500113947622396,0.023656565586204173
18,88,0.7044,0.0218,0.7452,24,-4.376817276352387,-6.225347483081665,0.09706041345855604
21,84,0.7949,0.0218,0.7452,24,-4.120944264402095,-6.312239736531707,0.18259094425922395
21,82,0.7044,0.0257,0.5905,16,-4.120920743767995,-6.328975128497162,0.21610876945833402
21,88,0.7044,0.0108,0.6145,24,-4.093643831017717,-6.286725900069069,0.1861641381027038
21,84,0.7044,0.0257,0.5905,24,-4.081980955576363,-6.322887129487087,0.2818123478214483
21,84,0.7044,0.0257,0.5905,24,-4.071544135560735,-6.253452015322017,0.1638157595225613
21,84,0.7044,0.0108,0.5905,24,-3.9760909072394495,-6.250987578981751,0.3497933434846033
21,84,0.7044,0.0108,0.6145,24,-3.9032623264419875,-6.1316341063592015,0.2567435598344273
21,82,0.7044,0.0257,0.5871,16,-3.865644462945378,-6.183825270584454,0.43636161527815237
21,84,0.7044,0.0257,0.6145,24,-3.8199531190969753,-6.110749038318692,0.3815918384434332
21,88,0.7044,0.0218,0.7452,24,-3.559488168583852,-5.893212511597476,0.46744868602724593
21,88,0.7949,0.0108,0.6145,24,-3.5295533750394097,-5.923116147406373,0.5871255447339253
21,84,0.7044,0.0218,0.7452,24,-3.161175879189026,-5.722659131662905,0.9229665049477568
32,84,0.7044,0.0108,0.6145,24,-2.7924894435558034,-6.1423729457583125,0.2997670044050178
21,82,0.7044,0.0218,0.5905,24,-4.291633696457129,-6.441175262636251,0.09908313235824336
18,88,0.7044,0.0218,0.7452,24,-4.240206579068663,-6.16955317263457,0.2586931871318157
21,84,0.7044,0.0257,0.7202,24,-4.217978975878912,-6.38140894277745,0.1268599337970751
21,84,0.7044,0.0257,0.5905,24,-4.215719153710891,-6.395989383003127,0.1605404585844721
21,88,0.7031,0.0218,0.7452,24,-4.052192090219286,-6.255791777605083,0.20719937477159384
18,30,0.7044,0.0218,0.7452,24,-4.016853494436299,-6.096745518646125,0.5597840484196513
21,82,0.7044,0.0257,0.5905,16,-3.9950836170452075,-6.220756989427563,0.251346744764711
21,88,0.7044,0.0108,0.6145,24,-3.906491900894063,-6.097980728597214,0.18297765540630287
21,88,0.7044,0.0218,0.7452,24,-3.8395590108959863,-6.111975945814538,0.3448338698371035
21,82,0.7949,0.0218,0.7452,24,-3.7521575338965127,-6.086792596709975,0.4692701256269241
21,84,0.7044,0.0257,0.5905,24,-3.6624871748637715,-6.040610900282669,0.5562474508377951
21,84,0.7044,0.0218,0.6875,24,-3.5546041480578947,-5.8783845711578815,0.447560846199974
21,82,0.7044,0.0218,0.7452,24,-3.5300936764661697,-5.815569421758472,0.3709514905846044
21,84,0.7949,0.0218,0.7452,24,-3.4038253097928997,-5.930859167149408,0.8540677147130156
21,12,0.7044,0.0108,0.6145,16,-1.3588967742564608,-4.40012364320756,1.8824537379021977
18,84,0.7044,0.0257,0.7452,24,-4.491681459076511,-6.349230098210442,0.11509727826786308
21,84,0.7044,0.0257,0.7202,24,-4.337698967636493,-6.471793437419717,0.06818893956644911
18,88,0.7044,0.0218,0.7452,24,-4.312178952768578,-6.205845831624869,0.1873337577125821
21,82,0.7044,0.0218,0.5905,24,-4.281171062057087,-6.422007558209655,0.08167299230513532
21,82,0.7044,0.0218,0.5905,24,-4.231859455916341,-6.404509143524773,0.1452993752168653
20,88,0.7044,0.0218,0.7452,24,-4.122742175737012,-6.230071422922846,0.21465849437166648
21,84,0.7044,0.0257,0.5905,35,-4.092171784228174,-6.345712822082055,0.30708207570776114
21,84,0.7044,0.0257,0.5905,24,-4.031616953225923,-6.274671986231889,0.2861100660119309
21,88,0.7031,0.0197,0.7452,24,-4.016448570448798,-6.200139322689715,0.16738150448183237
21,82,0.7044,0.0257,0.5905,16,-3.905081184637678,-6.197187833111534,0.384213296947711
21,82,0.7044,0.0218,0.5905,34,-3.9047961494410592,-6.147494560859553,0.28539682283698636
21,88,0.7031,0.0218,0.7452,24,-3.701296525505979,-5.970980217257149,0.33936738350233986
18,88,0.7031,0.0218,0.7452,24,-3.681212650144646,-5.742117079696858,0.5218088591044246
18,88,0.7044,0.0218,0.7452,24,-3.524123224801067,-5.764912811644697,0.8815791736872606
18,30,0.7044,0.0218,0.7452,24,-2.8038775252189376,-5.172733661924296,1.1377122734107166
18,88,0.7044,0.0218,0.7452,24,-4.489654931571006,-6.368151811412497,0.15699375968298296
21,84,0.7044,0.0257,0.7202,24,-4.246483276377544,-6.420461050055312,0.14795554735553693
21,84,0.7044,0.0257,0.5905,35,-4.204621387046654,-6.3837846562183005,0.1583265383432923
21,82,0.7044,0.0218,0.5905,24,-4.178829987994908,-6.382627785512672,0.20759559503552905
18,84,0.7044,0.0257,0.7452,24,-4.072247946571878,-6.077117850906937,0.40973980867011867
21,82,0.7044,0.0257,0.5905,24,-4.065885249025836,-6.343130979900727,0.35449146174978174
18,82,0.691,0.0218,0.7452,24,-4.0097233479165055,-5.9941378902141915,0.36882908459537167
21,82,0.7044,0.0218,0.5905,24,-3.9762169713456976,-6.151592100212611,0.15075025773382583
21,82,0.7044,0.0218,0.5905,24,-3.8017302191132685,-6.0322996437174385,0.2611388492083391
18,88,0.7044,0.0257,0.5649,24,-3.6795187407011953,-5.724818460341371,0.4905994392803516
27,84,0.7044,0.0257,0.7202,24,-3.646203844447082,-6.3894922546389274,0.08657682038368998
18,84,0.7044,0.0257,0.7452,24,-3.315768623000694,-5.523121104846069,0.814704963690752
20,88,0.7044,0.0218,0.7452,24,-3.123853327231677,-5.262556780163101,0.2774069058628489
33,84,0.7044,0.0257,0.7202,24,-3.013865432855893,-6.364819401634752,0.10190793755771807
21,88,0.7044,0.0218,0.7452,12,-2.658986184363864,-5.301386640694182,1.084800912660636
18,88,0.7044,0.0218,0.7452,24,-4.618488360890692,-6.450297809346172,0.06361889691096144
18,88,0.7044,0.0218,0.7452,24,-4.4452401068329666,-6.360045829475585,0.2296114452852371
18,88,0.7044,0.0218,0.7452,24,-4.365688309598021,-6.280209974111527,0.22904332902701285
21,84,0.7044,0.0218,0.7452,24,-4.305653077456389,-6.430320847778178,0.049335540643577126
21,82,0.7044,0.0257,0.5905,24,-4.290306561269716,-6.414436503498375,0.04825988445731602
21,82,0.7044,0.0218,0.5905,24,-4.276235406350189,-6.409091137759809,0.0657114628192401
18,82,0.7044,0.043,0.5905,24,-4.269582609857474,-6.204429323320938,0.269693426926929
21,88,0.7044,0.0218,0.7202,24,-4.240593445546436,-6.39578724955224,0.11038760801160835
21,84,0.7044,0.0257,0.5905,35,-4.221188170453477,-6.400119598117332,0.15786285532771135
21,82,0.7044,0.0218,0.5905,24,-4.163345655021537,-6.276446700569313,0.02620209109555167
21,84,0.7044,0.0257,0.7202,24,-3.9898928652637546,-6.186856087545182,0.19392644456285607
21,84,0.7044,0.0257,0.5905,24,-3.9812321452940993,-6.183517211243459,0.20457013189872045
21,84,0.7044,0.0257,0.5905,35,-3.9002985501572787,-6.15286298507989,0.305128869845223
18,84,0.7044,0.0257,0.7452,24,-3.522205825901999,-5.632713781044348,0.6210159102846984
18,82,0.691,0.0218,0.7452,24,-3.2011121531859743,-5.398684173644496,0.7951440409170447
18,82,0.7044,0.043,0.5905,24,-4.5674587448844255,-6.449225960531733,0.1635344312946154
18,88,0.7044,0.0218,0.7452,24,-4.531026144217645,-6.392609395086761,0.12316650173823247
18,84,0.7044,0.0218,0.7452,24,-4.487837763052426,-6.3898815914706155,0.20408765683637864
18,88,0.6148,0.0218,0.7452,24,-4.454107557405458,-6.270192822133136,0.0321705294553551
18,88,0.7044,0.0218,0.7452,24,-4.295509635690335,-6.2403017065106585,0.28958414164064794
18,88,0.7044,0.0218,0.7452,24,-4.249423710881316,-6.126496855616631,0.15414628947063083
21,82,0.7044,0.0257,0.5905,24,-4.223252791289479,-6.41011590723091,0.17372623188286174
18,88,0.6698,0.0218,0.7452,24,-4.034470234938633,-6.045872545924857,0.4228046219724481
18,88,0.7044,0.0218,0.7452,24,-3.999765903666482,-6.030510478390487,0.4614891494480094
21,84,0.7044,0.0218,0.7452,24,-3.7430808382023737,-5.906510938416471,0.12686020042819393
21,82,0.7044,0.0218,0.5905,24,-3.5946970305360195,-6.048075658446966,0.7067572558218932
18,88,0.7044,0.0218,0.7452,24,-3.575432307446351,-5.881615606447804,1.0123665980029068
21,46,0.7044,0.0257,0.5905,24,-3.2515116764141507,-5.715636197442388,0.7282490420564741
35,82,0.7044,0.0257,0.5905,24,-2.891380128659497,-6.454706473269143,0.1266526892192906
47,88,0.7044,0.0218,0.7452,24,-1.7702557536057926,-6.501826111647009,0.06314071608243249
18,82,0.7044,0.043,0.5905,24,-4.56880884261767,-6.432101259727569,0.1265848342197981
18,84,0.7044,0.0218,0.7452,24,-4.53242141065239,-6.426660871152368,0.18847892099995756
18,88,0.7044,0.0218,0.7452,24,-4.323128994792514,-6.219983451636986,0.19370891368894408
18,88,0.7044,0.0218,0.7452,24,-4.304103295967865,-6.178607370177845,0.1490081484199618
18,88,0.7044,0.043,0.7452,24,-4.2296178689486545,-6.184179005022648,0.3091222721479885
18,88,0.7044,0.0218,0.7452,24,-4.185336214398383,-6.052060105526166,0.13344778225556503
18,88,0.7044,0.0218,0.7452,24,-4.136958374302378,-6.102920912163254,0.33192507572175156
18,82,0.7044,0.043,0.7452,24,-4.04274019198422,-6.143610842554956,0.6017413011414735
21,82,0.7044,0.0257,0.5905,24,-3.9381897741396457,-6.168515211849667,0.2606508754200419
18,88,0.7044,0.0218,0.7452,24,-3.9234207969279415,-6.046018711958196,0.6451958300605091
18,88,0.6148,0.0218,0.7452,24,-3.92040571677978,-5.929462652122649,0.41811387068573935
18,88,0.6148,0.0218,0.7452,24,-3.7229556359393934,-5.8442270277561255,0.6425427836334648
18,84,0.7044,0.0218,0.6616,24,-3.4329837006947557,-5.669502656209909,0.8730379110303076
18,88,0.7044,0.0218,0.7452,24,-2.9370768439525534,-5.539921870357183,1.6056900528092601
48,88,0.6148,0.0218,0.7452,24,-1.5953823679512285,-6.451624952713734,0.11248516952501075
18,82,0.7044,0.043,0.5905,24,-4.635368674619383,-6.474423234686048,0.07810912013333045
18,84,0.7044,0.0218,0.7452,24,-4.5917620770338985,-6.450489622394813,0.11745509072182994
18,88,0.7044,0.0218,0.7452,24,-4.349939138363621,-6.300799693787331,0.3017211108474203
18,88,0.7044,0.0218,0.7452,24,-4.2040279932519375,-6.1769338344212485,0.3458116823386223
18,88,0.7044,0.043,0.7452,24,-4.187164017851823,-6.076045238381277,0.17776244105890782
18,96,0.7044,0.0218,0.5905,24,-4.178506624150219,-6.136614821556943,0.3162163948134489
18,88,0.7044,0.0218,0.7452,24,-4.135719147682047,-6.188355829803684,0.505273364243275
18,88,0.7044,0.0218,0.7452,24,-3.9804685147930465,-6.038979485932538,0.5170219422789831
18,19,0.7044,0.0218,0.7452,24,-3.8784207452334645,-5.913343029255732,0.46984456804453534
18,20,0.7044,0.0218,0.5905,24,-3.8717309603580867,-6.002578058354578,0.6616941959929827
14,88,0.7044,0.043,0.7452,24,-3.8016773661741423,-5.605551743362223,0.8077487543761596
18,88,0.7044,0.0218,0.7452,24,-3.6196489869099224,-5.839589756554768,0.8398815392896929
18,84,0.7044,0.0218,0.7452,24,-3.4206633216889886,-5.630665836588351,0.8200050297987249
18,88,0.7044,0.0218,0.7452,24,-3.1620206796121826,-5.260360673648783,0.5966799880732024
38,82,0.7044,0.0218,0.5905,24,-2.1801418307651557,-6.0356540035265445,0.11102434552277739
18,88,0.7044,0.0218,0.7452,24,-4.684551045576152,-6.498599398593168,0.02809670603403332
18,88,0.7044,0.0218,0.7452,24,-4.363567103354055,-6.274439992334569,0.22174577796102976
18,82,0.7044,0.0218,0.7452,24,-4.334038106159344,-6.183338921481441,0.09860163064419504
18,82,0.7044,0.043,0.5905,24,-4.317480499632556,-6.269024306998349,0.30308761473158646
18,88,0.7764,0.0218,0.7452,24,-4.246497096385264,-6.149447368141818,0.20590054351310785
18,88,0.6054,0.043,0.7452,24,-4.2443182773995565,-6.2015018006286375,0.31436704645816227
18,84,0.7044,0.043,0.5905,24,-4.217253747239936,-6.1790679703241524,0.32362844616843234
18,88,0.7044,0.043,0.7452,24,-4.215557655803435,-6.127240188076668,0.22336506454646526
18,88,0.7044,0.0218,0.7452,24,-4.2116043117240505,-6.159413866146924,0.2956191088457467
18,88,0.7044,0.0218,0.7452,24,-4.134304108070062,-6.115072212107671,0.3615362080752161
18,96,0.7044,0.0218,0.5905,24,-4.059389832958246,-6.103269703629428,0.48775974134236344
18,88,0.7044,0.0218,0.7452,24,-3.972306408529999,-5.971296429608136,0.397980042156275
18,88,0.7044,0.0218,0.7452,24,-3.7449230779179636,-5.797280604641615,0.5047150534473018
18,60,0.7044,0.0218,0.7452,24,-3.4278586202046935,-5.343444029728489,0.23117081904759076
18,84,0.7044,0.0218,0.7452,24,-2.6348762264311327,-5.177494068597317,1.4852356843323702
18,88,0.6399,0.043,0.7452,24,-4.533691951015901,-6.404003544604399,0.1406231871769965
18,82,0.7044,0.043,0.5905,24,-4.480229040536512,-6.369419897726235,0.17838171437944558
18,88,0.6054,0.043,0.7452,24,-4.4027909701731005,-6.34583637811902,0.2860908158918398
18,84,0.7044,0.043,0.5905,24,-4.3143384616534055,-6.255322545470388,0.28196816763396476
18,82,0.7044,0.0218,0.7452,24,-4.311855614409199,-6.1796212948285625,0.1355313608387283
18,82,0.7044,0.0218,0.7452,24,-4.267745170317733,-6.222606614395248,0.30972288815503196
18,82,0.7044,0.0218,0.7452,24,-4.250931359878308,-6.228901629343259,0.35594053892990235
18,88,0.7044,0.0218,0.7452,24,-4.242657419151098,-6.107303589957044,0.12929234161189143
18,88,0.7764,0.0218,0.7452,24,-4.233673554679337,-6.232220272230818,0.3970934351029626
14,88,0.7044,0.0218,0.7452,24,-4.20326023668224,-5.93834014554655,0.6701598177286187
18,82,0.7044,0.043,0.5905,24,-4.106651418833573,-6.104565231490549,0.39582762531395155
18,82,0.7764,0.043,0.5905,24,-4.084573023774624,-6.147649693702784,0.5261533398563203
18,82,0.7044,0.0218,0.7452,24,-3.9208308241278322,-6.030175348452892,0.6186890486501204
18,82,0.7044,0.0218,0.5905,24,-3.6715451516675692,-5.763299670440721,0.5835090375463028
18,88,0.7044,0.0218,0.7452,24,-3.552694290297036,-5.777612696230097,0.8498368118661233
12,82,0.7044,0.043,0.5905,24,-4.942639256885893,-6.228706782782037,0.1721350517922885
18,88,0.6399,0.043,0.7452,24,-4.612624730292353,-6.437049256419494,0.04884905225428147
18,82,0.7044,0.0218,0.7452,24,-4.571129524547963,-6.413363427189909,0.08446780528389171
18,82,0.7044,0.0218,0.5905,24,-4.566778019691082,-6.3889324903533184,0.044308941324473924
18,82,0.7044,0.043,0.5905,24,-4.489679969770685,-6.363461883229601,0.14756382691783124
18,82,0.7044,0.043,0.5905,24,-4.439263415017284,-6.3557966156555805,0.23306640127659306
18,84,0.7044,0.043,0.5905,24,-4.438234015009433,-6.328519196840121,0.18057036366137658
18,82,0.7044,0.043,0.7452,26,-4.391250769741011,-6.317063147682549,0.25162475588307615
18,82,0.7044,0.0218,0.7452,24,-4.358928819671318,-6.289241514989058,0.2606253906354799
18,88,0.6054,0.043,0.7452,24,-4.3310496052778635,-6.2817658388945095,0.30143246723329287
18,88,0.6054,0.043,0.7452,24,-4.211413078693964,-6.091743243354985,0.1606603293220433
18,88,0.6399,0.045,0.7452,24,-4.140460982757399,-6.013669590026626,0.1464172145384536
18,88,0.6054,0.043,0.7452,24,-4.139757998351644,-6.151486517426606,0.42345703814992297
18,82,0.6054,0.0218,0.7452,24,-3.95453971630079,-5.823175197117095,0.1372709616326113
18,82,0.7044,0.0218,0.7452,24,-2.566562397710192,-5.027317630889468,1.3215104663585509
12,82,0.7044,0.043,0.5905,24,-4.910512352610867,-6.1646907029431475,0.10835670066456025
12,88,0.7044,0.043,0.5905,24,-4.705073374801854,-6.185041106476073,0.5599354633484379
18,98,0.7044,0.043,0.5905,24,-4.689659577051159,-6.506882659759709,0.03444616541710081
18,82,0.6399,0.043,0.658,24,-4.661030631855694,-6.473065656829114,0.024070049946838878
18,84,0.7044,0.043,0.5905,24,-4.540182863074019,-6.395399052347938,0.11043237854783708
18,82,0.7044,0.043,0.5905,24,-4.539222538169354,-6.394078148295771,0.109711220252834
18,88,0.7278,0.043,0.7452,24,-4.530589318898591,-6.379659990285588,0.0981413427739947
18,82,0.7044,0.043,0.5905,24,-4.52339309937017,-6.3606323697247955,0.07447854070925164
18,82,0.7044,0.0218,0.5905,24,-4.44644345477616,-6.340771367072796,0.18865582459327257
18,82,0.7044,0.0218,0.7452,24,-4.440442075843772,-6.366858119300167,0.25283208691278963
18,82,0.6399,0.043,0.608,24,-4.108328697494809,-6.110623157030001,0.4045889190703851
12,82,0.7044,0.043,0.5905,24,-4.070582075091161,-5.5783012240784,0.6154382979744781
18,82,0.7044,0.043,0.5905,24,-3.9179957243395567,-6.049354239655073,0.6627170306310326
18,88,0.6399,0.043,0.7452,24,-3.76537783843177,-5.9651910682472185,0.7996264596308974
16,82,0.7044,0.0218,0.5905,24,-3.5664570048478104,-5.62149822166757,0.9100824336395196
12,82,0.7044,0.043,0.5905,24,-5.214576773804669,-6.444186658829961,0.059219770050582966
12,88,0.7044,0.043,0.5905,24,-4.9091255524405115,-6.132260557703079,0.04627001052513399
12,88,0.6399,0.043,0.5905,24,-4.691757667574163,-6.147003879625163,0.5104924241019984
12,82,0.7044,0.043,0.5905,24,-4.683729629900427,-6.108168054278462,0.44887684875606826
18,82,0.6399,0.043,0.658,24,-4.453631515280458,-6.3428672944395155,0.17847155831811554
18,84,0.7044,0.043,0.5905,24,-4.451129032099968,-6.3397284236023435,0.1771987830047509
18,82,0.7044,0.043,0.5905,24,-4.446953749726153,-6.345719888842288,0.1975322782322702
18,98,0.7044,0.043,0.5905,24,-4.402637438910091,-6.346809284056434,0.2883436902926864
18,84,0.7044,0.043,0.5905,24,-4.311108530245201,-6.241510202474045,0.2608033444576906
18,98,0.7044,0.043,0.5905,24,-4.251033607291716,-6.158485200838739,0.2149031870940458
18,82,0.6399,0.043,0.658,24,-4.2296552747052,-6.07539328502315,0.0914760206358994
18,98,0.7044,0.043,0.658,24,-4.103491534706433,-6.122644018951321,0.4383049684897766
18,82,0.6399,0.043,0.658,24,-4.027588052167551,-6.003656126820072,0.3521361493050427
18,82,0.7044,0.043,0.5905,24,-3.96450962837298,-6.023060328098548,0.5171013994511371
18,88,0.7278,0.043,0.7452,24,-3.5293966087914894,-5.77607539669335,0.8933575758037203
12,82,0.6399,0.043,0.5905,24,-5.097679132689932,-6.337448916036822,0.07953956669377826
12,88,0.7044,0.043,0.5905,24,-5.094061131883154,-6.404315287752409,0.22050831173850982
12,82,0.6399,0.043,0.5905,24,-5.05033612805542,-6.317072971747792,0.13347368738474302
12,82,0.6399,0.043,0.658,20,-4.997153465791991,-6.2580740207014705,0.12184110981895852
12,82,0.7768,0.043,0.658,24,-4.750670607991126,-6.16872745538066,0.4361136947790678
12,82,0.7044,0.043,0.658,24,-4.745746941619994,-6.103115565587424,0.31473724793486
18,82,0.6399,0.043,0.658,24,-4.689593809252538,-6.5079552231933375,0.03672282788159881
12,88,0.6399,0.043,0.5905,24,-4.6703766996760825,-6.102664758544766,0.46457611773736673
12,82,0.7044,0.043,0.5905,24,-4.662352935713315,-6.039785322696646,0.3548647739666601
12,82,0.7044,0.043,0.5905,24,-4.520261691544821,-5.837127907521276,0.2337324319529096
18,82,0.6399,0.043,0.5905,24,-4.419651091130996,-6.344704621724171,0.25010706118635034
18,84,0.7044,0.043,0.5905,24,-4.34805990555236,-6.264372291350416,0.23262477159611028
18,82,0.7044,0.043,0.5905,24,-4.282329246227038,-6.210621805089797,0.25658511772551984
12,82,0.7044,0.043,0.5905,24,-4.11077959988168,-5.706905374210789,0.7922515486582182
12,82,0.6659,0.043,0.658,24,-4.099671445602105,-5.643803384087364,0.688263876970517
12,82,0.6399,0.043,0.5905,24,-5.179088790440763,-6.429062372762985,0.09994716464444438
12,82,0.7768,0.043,0.5905,24,-5.142170685722747,-6.392192866863768,0.10004436228204105
12,82,0.6399,0.043,0.5905,24,-5.018198677090171,-6.343630353965673,0.25086335375100216
12,82,0.6399,0.043,0.5905,20,-4.930654186382795,-6.276528499007737,0.2917486252498841
12,82,0.6399,0.043,0.5905,24,-4.848119490415854,-6.138732217231061,0.1812254536304132
12,88,0.7044,0.043,0.5905,24,-4.830812024684483,-6.153903812262045,0.24618357515512454
12,82,0.7768,0.0306,0.5905,24,-4.787024066657069,-6.234869907591612,0.49569168186908646
12,82,0.7768,0.043,0.658,24,-4.741500830778237,-6.1602377768316785,0.43747389210688364
12,82,0.7044,0.043,0.658,24,-4.629456484259673,-6.0349339918103055,0.4109550151012654
12,82,0.6399,0.043,0.658,20,-4.560900585585743,-5.993605260600558,0.4654093500296289
12,82,0.6399,0.043,0.5905,24,-4.381023344406871,-5.914009806165737,0.6659729235177307
12,82,0.6399,0.043,0.5905,24,-4.21571059567339,-5.757214482574448,0.6830077738021149
18,82,0.6399,0.043,0.658,24,-3.879653979644968,-5.995882527467701,0.6324570956454659
24,82,0.6399,0.043,0.658,24,-3.694156728466438,-6.292251768815446,0.3961900806980161
12,33,0.6399,0.043,0.658,24,-1.8838040486497283,-3.7430137701852826,1.318419443071108
12,82,0.6399,0.043,0.5905,20,-5.081052846666387,-6.337249078834802,0.11239246433682866
12,82,0.6399,0.043,0.5905,20,-4.902967318344424,-6.249496430037517,0.29305822338618565
12,88,0.7044,0.043,0.5905,24,-4.8488051634208835,-6.210960444778936,0.32431056271610476
12,82,0.6399,0.043,0.5905,24,-4.814529370559798,-6.243957416029073,0.45885609093854923
12,82,0.7768,0.043,0.5905,24,-4.774137423820946,-6.1879454057784065,0.4276159639149204
12,82,0.7768,0.0159,0.5905,24,-4.770383780654284,-6.13776456255284,0.3347615637971105
12,82,0.6399,0.043,0.5905,24,-4.737308237665646,-6.193150903489257,0.5116853316472222
12,82,0.6399,0.043,0.5905,24,-4.681844690670671,-6.077858638936556,0.3920278965317698
12,82,0.652,0.043,0.5905,24,-4.625832950887803,-6.098430915414075,0.5451959290525432
12,82,0.6399,0.043,0.5905,24,-4.60038566858213,-5.98966439682557,0.3785574564868797
12,82,0.6399,0.043,0.5905,24,-4.487070792903447,-5.951267095996793,0.528392606186692
12,82,0.6399,0.043,0.5905,24,-4.443848245772207,-6.018493026052203,0.7492895605599926
12,82,0.7768,0.0306,0.5905,24,-4.279709130148675,-5.669664123838365,0.37990998737937914
12,21,0.7768,0.043,0.5905,24,-3.428733699712419,-5.174152873155698,1.0908383468865588
39,82,0.6399,0.043,0.5905,24,-2.52542845526394,-6.463950074240194,0.07704323795250718
12,88,0.7768,0.043,0.5905,24,-5.167466667506639,-6.4188927319602,0.10285212890711982
12,82,0.7768,0.043,0.5905,24,-5.1126386122433605,-6.3598378470714945,0.09439846965626797
12,82,0.7768,0.0159,0.5905,24,-5.03583174598854,-6.363431900510435,0.2552003090437908
12,82,0.6399,0.043,0.5905,24,-4.9766376861958435,-6.247984629555347,0.14269388671900773
12,82,0.6399,0.043,0.5905,20,-4.80589400736254,-6.0761194203482995,0.1404508259715177
12,88,0.6789,0.043,0.5905,24,-4.7881706313710595,-6.108676980783848,0.24101269882557602
12,88,0.7044,0.043,0.5905,24,-4.761136106295183,-6.037513115924936,0.1527540192595052
12,82,0.6399,0.043,0.7047,20,-4.683861774909424,-6.1415496379859755,0.515375726153102
12,82,0.6399,0.043,0.5905,24,-4.6549336402453525,-6.052283067925949,0.3946988553611928
12,82,0.6399,0.043,0.5905,20,-4.62790183513884,-6.091726362241878,0.5276490542060744
12,82,0.6399,0.043,0.5905,24,-4.331697682036889,-5.675140169612705,0.2868849751516304
12,82,0.6399,0.043,0.5905,24,-4.002850474531249,-5.555105330927851,0.7045097127932022
12,82,0.7044,0.043,0.5905,24,-3.9555092825077534,-5.50580579269369,0.7005930203718723
12,82,0.6399,0.043,0.5905,20,-3.8191153916397917,-5.231874177803936,0.4255175723282884
12,82,0.6399,0.043,0.5905,20,-3.7742298059703803,-5.441887316272182,0.935315020603604
12,88,0.6789,0.043,0.5905,24,-5.183354809425805,-6.416226214807263,0.06574281076291448
12,88,0.7768,0.043,0.5905,24,-4.891037331857904,-6.233858303063078,0.28564194241034885
12,88,0.7768,0.043,0.5905,24,-4.816036984246678,-6.154734071133558,0.27739417377375974
12,82,0.7768,0.043,0.5905,24,-4.723503834744419,-6.076108688053335,0.30520970661783
12,82,0.7768,0.0159,0.5905,24,-4.7184673219259885,-6.172717174685069,0.5084997055181594
12,82,0.7768,0.043,0.5905,24,-4.659920944288646,-6.114239309198533,0.5086367298197738
12,82,0.6399,0.043,0.5905,24,-4.612240257343089,-6.124623976628853,0.6247674385715283
12,82,0.6399,0.043,0.5905,24,-4.594805907645916,-6.090756848615259,0.5919018819386858
12,82,0.6399,0.043,0.5905,20,-4.223790771961039,-5.702459373873581,0.5573372038250832
12,88,0.7044,0.043,0.5905,24,-4.182099355456249,-5.4502995702938035,0.13640042967510768
12,82,0.6399,0.043,0.5905,20,-3.8509479357246867,-5.379346316400555,0.6567967613517354
12,82,0.6399,0.043,0.5905,24,-3.5681050931588096,-5.331335238746442,1.1264602911752644
12,21,0.7768,0.043,0.5905,20,-2.986359393672812,-4.819451988727177,1.266185190108731
35,82,0.6399,0.043,0.5905,24,-2.917470969845594,-6.451176063921983,0.06741018815277727
36,88,0.7768,0.043,0.5905,24,-2.685206989325368,-6.376920291782418,0.18342660491409946
12,88,0.7768,0.043,0.5905,16,-5.166070346673041,-6.3849942715069234,0.037847849667764305
12,88,0.6789,0.043,0.5905,24,-5.130005515867904,-6.399840554124649,0.13967007651348867
12,82,0.7768,0.043,0.5905,24,-5.126373819353493,-6.389796101757643,0.12684456480829928
12,82,0.7768,0.043,0.5905,24,-4.968824311220087,-6.247451717492433,0.1572548125446927
12,88,0.7768,0.043,0.5905,24,-4.8616289006307705,-6.194678163507366,0.26609852575319076
12,88,0.7768,0.043,0.5905,24,-4.853178983937674,-6.193227264735142,0.28009656159493523
12,82,0.6399,0.043,0.5905,24,-4.850190127244198,-6.101744996788147,0.10310973908789868
12,88,0.6789,0.043,0.5905,24,-4.660036389451255,-6.078986593026625,0.43790040715073913
12,82,0.7768,0.043,0.5905,24,-4.6403333727962695,-6.069895867958165,0.45912499032379034
12,89,0.6789,0.043,0.5905,24,-4.6281616152507175,-5.9888902413079865,0.3214572521145379
12,82,0.7768,0.043,0.5905,24,-4.5827782526339735,-6.039476759573237,0.5133970138785267
12,88,0.7768,0.043,0.5905,24,-4.254864197576357,-5.767323370367677,0.6249183455826416
12,82,0.7768,0.0159,0.5905,24,-4.254016106670389,-5.811520018940235,0.7150078245396922
12,88,0.7768,0.043,0.5905,24,-4.097090821059217,-5.627082143350675,0.6599826445829166
12,82,0.7768,0.043,0.5905,24,-3.9338325716375087,-5.744061486186279,1.220457829097541
12,82,0.7768,0.043,0.5905,24,-5.085747629935552,-6.3609956598346455,0.1504960597981871
12,82,0.7768,0.043,0.5905,24,-5.048925754582615,-6.313851282847855,0.12985105653048076
12,88,0.7768,0.043,0.5905,24,-5.043485496277065,-6.346134290064539,0.2052975875749464
12,88,0.7768,0.043,0.5905,24,-5.008850841219126,-6.2956395931473494,0.17357750385644544
12,88,0.6789,0.043,0.5905,24,-4.977495924149774,-6.235867058112301,0.11674226792505257
12,88,0.7768,0.043,0.5905,24,-4.846255508600155,-6.155590402364915,0.21866978752951882
12,82,0.7768,0.0332,0.5905,24,-4.722306973613036,-6.128245888399467,0.41187782957286145
12,88,0.6789,0.043,0.5905,24,-4.629251187523887,-6.075009822498842,0.49151726994990946
12,88,0.7768,0.043,0.5905,24,-4.622861510273907,-5.984310469707734,0.3228979188676525
12,88,0.7768,0.043,0.5905,16,-4.610313530810304,-6.017725071343954,0.4148230810673007
12,88,0.6789,0.043,0.5905,24,-4.35053396138094,-5.850172196873312,0.5992764709847441
17,82,0.7768,0.043,0.5905,24,-4.121741682317423,-6.021325380194883,0.3991673957549191
12,82,0.6399,0.043,0.5905,24,-3.9960686883611816,-5.611643277842941,0.831149178963518
12,82,0.7768,0.043,0.5905,24,-3.9379541657975636,-5.507728935223182,0.7395495388512356
12,82,0.7768,0.043,0.5905,24,-3.577053321458564,-5.3118943595154935,1.0696820761138588
12,82,0.7768,0.043,0.5905,24,-5.224065438890263,-6.456690488833401,0.06525009988627567
12,88,0.7768,0.043,0.5905,24,-5.1440990590439615,-6.392368349799242,0.0965385815105605
12,82,0.7768,0.043,0.5905,24,-5.086092598364353,-6.347992015040468,0.12379883335223027
12,88,0.7768,0.043,0.5905,24,-5.077696186889353,-6.398030158041252,0.2406679423037985
12,88,0.7768,0.043,0.5905,24,-5.031767184850307,-6.279997642734035,0.09646091576745441
12,88,0.7768,0.043,0.5905,24,-4.9274053213034215,-6.285224565751996,0.3156384888971476
12,88,0.7768,0.043,0.5905,24,-4.873056139292087,-6.162396944554107,0.17868161052403925
12,88,0.6789,0.043,0.5905,24,-4.668147973746983,-6.060520358975502,0.3847447704570373
12,82,0.7768,0.043,0.5905,24,-4.658028247367091,-6.046032573497258,0.3760086522603326
12,88,0.7768,0.043,0.5905,24,-4.535506253778999,-5.970176124293897,0.4693397410297951
12,88,0.7768,0.043,0.5905,24,-4.515711149720168,-5.953925285042035,0.4764282706437339
12,82,0.7768,0.0332,0.5905,24,-4.466692043917281,-5.871702009638648,0.41001993144273474
12,82,0.7768,0.043,0.5905,24,-4.383609027224593,-5.83622795337039,0.5052378522915921
12,88,0.7768,0.043,0.5905,24,-3.8667065706727772,-5.666270847352548,1.199128553359541
12,88,0.7768,0.043,0.5905,24,-3.641312013417008,-5.497571816114005,1.3125196053939925
12,88,0.7768,0.043,0.5905,24,-5.2054817885436915,-6.438590113301274,0.06621664951516461
12,82,0.7768,0.043,0.5905,24,-5.194577219987191,-6.424970119462107,0.060785798949831736
12,88,0.6508,0.043,0.5905,24,-5.118110131663073,-6.39011154684524,0.14400283036433364
12,88,0.7768,0.043,0.5905,24,-5.009675136083849,-6.343818539274855,0.2682868063820123
12,88,0.7768,0.043,0.5905,24,-4.976595130214116,-6.308501519873078,0.26381277931792413
12,88,0.7768,0.043,0.5927,24,-4.838943712944115,-6.18494114597153,0.2919948660548298
12,82,0.7768,0.0398,0.5905,24,-4.831652823840488,-6.218955919827546,0.3746061919741146
12,88,0.7768,0.043,0.5905,24,-4.780557165542456,-6.151924387366266,0.34273444364761985
12,88,0.7768,0.043,0.5905,24,-4.724682265455511,-6.03228485273589,0.21520517456075558
12,82,0.7768,0.043,0.5905,24,-4.720145808406143,-6.075999526631916,0.31170743645154564
12,88,0.7768,0.043,0.5753,24,-4.4065165468842284,-5.807245197072064,0.40145730037567123
12,59,0.7768,0.043,0.5905,24,-4.3751660825129495,-5.632248985322575,0.11416580561925066
12,82,0.7768,0.043,0.5905,24,-4.371407277884609,-5.74539317000034,0.3479717842314607
12,82,0.7768,0.043,0.5905,24,-4.136811168217476,-5.8378657274519155,1.0021091184688773
12,82,0.7768,0.043,0.5905,24,-3.531077445127816,-5.094805947410642,0.7274570045656517
12,88,0.7768,0.043,0.5905,24,-5.203586575429061,-6.442614383832351,0.07805561680657826
12,88,0.7768,0.043,0.5905,24,-5.187061336392504,-6.441358312795953,0.10859395280689749
12,88,0.7768,0.043,0.5905,24,-5.131726169841392,-6.38486703323628,0.10628172678977627
12,88,0.7768,0.043,0.5905,24,-5.060385117189584,-6.303179157456602,0.08558808053403379
12,88,0.7768,0.043,0.5905,24,-5.0572410936121,-6.323497737281212,0.13251328733822365
12,88,0.7768,0.043,0.5905,24,-4.926902198800166,-6.2687216258366965,0.2836388540730607
12,88,0.7768,0.043,0.5927,24,-4.910833880841656,-6.234141951582527,0.24661614148174055
12,88,0.6508,0.043,0.5905,24,-4.901680725161776,-6.21254995119249,0.22173845206142828
12,88,0.7768,0.043,0.5905,24,-4.864602325955234,-6.272218678627561,0.4152327053446528
12,88,0.7768,0.043,0.5905,24,-4.8562595957155406,-6.181060019529458,0.24960084762783388
12,88,0.7768,0.043,0.5905,21,-4.849106997746467,-6.134203972954824,0.17019395041671276
12,82,0.7768,0.043,0.5905,24,-4.821548802107529,-6.123291754160884,0.20348590410670964
12,82,0.7768,0.0398,0.5905,24,-4.746871475476771,-6.184158955355119,0.47457495975669467
12,88,0.7768,0.043,0.5905,24,-4.73272816044547,-6.131090598280547,0.3967248756701543
12,82,0.7768,0.043,0.5905,24,-4.587855670777167,-6.01382295646646,0.4519345713785854
